Index1,Index2,ID,MTS,Sequence,DDG
0,0,Q1A,Q1A,QDKCKKVYENYPVSKCQLANQCNYDCKLLKHARSGECFYDEKRNLQCICDYCEY
1,0,Q1C,Q1C,QDKCKKVYENYPVSKCQLANQCNYDCKLLKHARSGECFYDEKRNLQCICDYCEY
2,0,Q1D,Q1D,QDKCKKVYENYPVSKCQLANQCNYDCKLLKHARSGECFYDEKRNLQCICDYCEY
3,0,Q1E,Q1E,QDKCKKVYENYPVSKCQLANQCNYDCKLLKHARSGECFYDEKRNLQCICDYCEY
4,0,Q1F,Q1F,QDKCKKVYENYPVSKCQLANQCNYDCKLLKHARSGECFYDEKRNLQCICDYCEY
5,0,Q1G,Q1G,QDKCKKVYENYPVSKCQLANQCNYDCKLLKHARSGECFYDEKRNLQCICDYCEY
6,0,Q1H,Q1H,QDKCKKVYENYPVSKCQLANQCNYDCKLLKHARSGECFYDEKRNLQCICDYCEY
7,0,Q1I,Q1I,QDKCKKVYENYPVSKCQLANQCNYDCKLLKHARSGECFYDEKRNLQCICDYCEY
8,0,Q1K,Q1K,QDKCKKVYENYPVSKCQLANQCNYDCKLLKHARSGECFYDEKRNLQCICDYCEY
9,0,Q1L,Q1L,QDKCKKVYENYPVSKCQLANQCNYDCKLLKHARSGECFYDEKRNLQCICDYCEY
10,0,Q1M,Q1M,QDKCKKVYENYPVSKCQLANQCNYDCKLLKHARSGECFYDEKRNLQCICDYCEY
11,0,Q1N,Q1N,QDKCKKVYENYPVSKCQLANQCNYDCKLLKHARSGECFYDEKRNLQCICDYCEY
12,0,Q1P,Q1P,QDKCKKVYENYPVSKCQLANQCNYDCKLLKHARSGECFYDEKRNLQCICDYCEY
13,0,Q1R,Q1R,QDKCKKVYENYPVSKCQLANQCNYDCKLLKHARSGECFYDEKRNLQCICDYCEY
14,0,Q1S,Q1S,QDKCKKVYENYPVSKCQLANQCNYDCKLLKHARSGECFYDEKRNLQCICDYCEY
15,0,Q1T,Q1T,QDKCKKVYENYPVSKCQLANQCNYDCKLLKHARSGECFYDEKRNLQCICDYCEY
16,0,Q1V,Q1V,QDKCKKVYENYPVSKCQLANQCNYDCKLLKHARSGECFYDEKRNLQCICDYCEY
17,0,Q1W,Q1W,QDKCKKVYENYPVSKCQLANQCNYDCKLLKHARSGECFYDEKRNLQCICDYCEY
18,0,Q1Y,Q1Y,QDKCKKVYENYPVSKCQLANQCNYDCKLLKHARSGECFYDEKRNLQCICDYCEY
19,0,D2A,D2A,QDKCKKVYENYPVSKCQLANQCNYDCKLLKHARSGECFYDEKRNLQCICDYCEY
20,0,D2C,D2C,QDKCKKVYENYPVSKCQLANQCNYDCKLLKHARSGECFYDEKRNLQCICDYCEY
21,0,D2E,D2E,QDKCKKVYENYPVSKCQLANQCNYDCKLLKHARSGECFYDEKRNLQCICDYCEY
22,0,D2F,D2F,QDKCKKVYENYPVSKCQLANQCNYDCKLLKHARSGECFYDEKRNLQCICDYCEY
23,0,D2G,D2G,QDKCKKVYENYPVSKCQLANQCNYDCKLLKHARSGECFYDEKRNLQCICDYCEY
24,0,D2H,D2H,QDKCKKVYENYPVSKCQLANQCNYDCKLLKHARSGECFYDEKRNLQCICDYCEY
25,0,D2I,D2I,QDKCKKVYENYPVSKCQLANQCNYDCKLLKHARSGECFYDEKRNLQCICDYCEY
26,0,D2K,D2K,QDKCKKVYENYPVSKCQLANQCNYDCKLLKHARSGECFYDEKRNLQCICDYCEY
27,0,D2L,D2L,QDKCKKVYENYPVSKCQLANQCNYDCKLLKHARSGECFYDEKRNLQCICDYCEY
28,0,D2M,D2M,QDKCKKVYENYPVSKCQLANQCNYDCKLLKHARSGECFYDEKRNLQCICDYCEY
29,0,D2N,D2N,QDKCKKVYENYPVSKCQLANQCNYDCKLLKHARSGECFYDEKRNLQCICDYCEY
30,0,D2P,D2P,QDKCKKVYENYPVSKCQLANQCNYDCKLLKHARSGECFYDEKRNLQCICDYCEY
31,0,D2Q,D2Q,QDKCKKVYENYPVSKCQLANQCNYDCKLLKHARSGECFYDEKRNLQCICDYCEY
32,0,D2R,D2R,QDKCKKVYENYPVSKCQLANQCNYDCKLLKHARSGECFYDEKRNLQCICDYCEY
33,0,D2S,D2S,QDKCKKVYENYPVSKCQLANQCNYDCKLLKHARSGECFYDEKRNLQCICDYCEY
34,0,D2T,D2T,QDKCKKVYENYPVSKCQLANQCNYDCKLLKHARSGECFYDEKRNLQCICDYCEY
35,0,D2V,D2V,QDKCKKVYENYPVSKCQLANQCNYDCKLLKHARSGECFYDEKRNLQCICDYCEY
36,0,D2W,D2W,QDKCKKVYENYPVSKCQLANQCNYDCKLLKHARSGECFYDEKRNLQCICDYCEY
37,0,D2Y,D2Y,QDKCKKVYENYPVSKCQLANQCNYDCKLLKHARSGECFYDEKRNLQCICDYCEY
38,0,K3A,K3A,QDKCKKVYENYPVSKCQLANQCNYDCKLLKHARSGECFYDEKRNLQCICDYCEY
39,0,K3C,K3C,QDKCKKVYENYPVSKCQLANQCNYDCKLLKHARSGECFYDEKRNLQCICDYCEY
40,0,K3D,K3D,QDKCKKVYENYPVSKCQLANQCNYDCKLLKHARSGECFYDEKRNLQCICDYCEY
41,0,K3E,K3E,QDKCKKVYENYPVSKCQLANQCNYDCKLLKHARSGECFYDEKRNLQCICDYCEY
42,0,K3F,K3F,QDKCKKVYENYPVSKCQLANQCNYDCKLLKHARSGECFYDEKRNLQCICDYCEY
43,0,K3G,K3G,QDKCKKVYENYPVSKCQLANQCNYDCKLLKHARSGECFYDEKRNLQCICDYCEY
44,0,K3H,K3H,QDKCKKVYENYPVSKCQLANQCNYDCKLLKHARSGECFYDEKRNLQCICDYCEY
45,0,K3I,K3I,QDKCKKVYENYPVSKCQLANQCNYDCKLLKHARSGECFYDEKRNLQCICDYCEY
46,0,K3L,K3L,QDKCKKVYENYPVSKCQLANQCNYDCKLLKHARSGECFYDEKRNLQCICDYCEY
47,0,K3M,K3M,QDKCKKVYENYPVSKCQLANQCNYDCKLLKHARSGECFYDEKRNLQCICDYCEY
48,0,K3N,K3N,QDKCKKVYENYPVSKCQLANQCNYDCKLLKHARSGECFYDEKRNLQCICDYCEY
49,0,K3P,K3P,QDKCKKVYENYPVSKCQLANQCNYDCKLLKHARSGECFYDEKRNLQCICDYCEY
50,0,K3Q,K3Q,QDKCKKVYENYPVSKCQLANQCNYDCKLLKHARSGECFYDEKRNLQCICDYCEY
51,0,K3R,K3R,QDKCKKVYENYPVSKCQLANQCNYDCKLLKHARSGECFYDEKRNLQCICDYCEY
52,0,K3S,K3S,QDKCKKVYENYPVSKCQLANQCNYDCKLLKHARSGECFYDEKRNLQCICDYCEY
53,0,K3T,K3T,QDKCKKVYENYPVSKCQLANQCNYDCKLLKHARSGECFYDEKRNLQCICDYCEY
54,0,K3V,K3V,QDKCKKVYENYPVSKCQLANQCNYDCKLLKHARSGECFYDEKRNLQCICDYCEY
55,0,K3W,K3W,QDKCKKVYENYPVSKCQLANQCNYDCKLLKHARSGECFYDEKRNLQCICDYCEY
56,0,K3Y,K3Y,QDKCKKVYENYPVSKCQLANQCNYDCKLLKHARSGECFYDEKRNLQCICDYCEY
57,0,C4A,C4A,QDKCKKVYENYPVSKCQLANQCNYDCKLLKHARSGECFYDEKRNLQCICDYCEY
58,0,C4D,C4D,QDKCKKVYENYPVSKCQLANQCNYDCKLLKHARSGECFYDEKRNLQCICDYCEY
59,0,C4E,C4E,QDKCKKVYENYPVSKCQLANQCNYDCKLLKHARSGECFYDEKRNLQCICDYCEY
60,0,C4F,C4F,QDKCKKVYENYPVSKCQLANQCNYDCKLLKHARSGECFYDEKRNLQCICDYCEY
61,0,C4G,C4G,QDKCKKVYENYPVSKCQLANQCNYDCKLLKHARSGECFYDEKRNLQCICDYCEY
62,0,C4H,C4H,QDKCKKVYENYPVSKCQLANQCNYDCKLLKHARSGECFYDEKRNLQCICDYCEY
63,0,C4I,C4I,QDKCKKVYENYPVSKCQLANQCNYDCKLLKHARSGECFYDEKRNLQCICDYCEY
64,0,C4K,C4K,QDKCKKVYENYPVSKCQLANQCNYDCKLLKHARSGECFYDEKRNLQCICDYCEY
65,0,C4L,C4L,QDKCKKVYENYPVSKCQLANQCNYDCKLLKHARSGECFYDEKRNLQCICDYCEY
66,0,C4M,C4M,QDKCKKVYENYPVSKCQLANQCNYDCKLLKHARSGECFYDEKRNLQCICDYCEY
67,0,C4N,C4N,QDKCKKVYENYPVSKCQLANQCNYDCKLLKHARSGECFYDEKRNLQCICDYCEY
68,0,C4P,C4P,QDKCKKVYENYPVSKCQLANQCNYDCKLLKHARSGECFYDEKRNLQCICDYCEY
69,0,C4Q,C4Q,QDKCKKVYENYPVSKCQLANQCNYDCKLLKHARSGECFYDEKRNLQCICDYCEY
70,0,C4R,C4R,QDKCKKVYENYPVSKCQLANQCNYDCKLLKHARSGECFYDEKRNLQCICDYCEY
71,0,C4S,C4S,QDKCKKVYENYPVSKCQLANQCNYDCKLLKHARSGECFYDEKRNLQCICDYCEY
72,0,C4T,C4T,QDKCKKVYENYPVSKCQLANQCNYDCKLLKHARSGECFYDEKRNLQCICDYCEY
73,0,C4V,C4V,QDKCKKVYENYPVSKCQLANQCNYDCKLLKHARSGECFYDEKRNLQCICDYCEY
74,0,C4W,C4W,QDKCKKVYENYPVSKCQLANQCNYDCKLLKHARSGECFYDEKRNLQCICDYCEY
75,0,C4Y,C4Y,QDKCKKVYENYPVSKCQLANQCNYDCKLLKHARSGECFYDEKRNLQCICDYCEY
76,0,K5A,K5A,QDKCKKVYENYPVSKCQLANQCNYDCKLLKHARSGECFYDEKRNLQCICDYCEY
77,0,K5C,K5C,QDKCKKVYENYPVSKCQLANQCNYDCKLLKHARSGECFYDEKRNLQCICDYCEY
78,0,K5D,K5D,QDKCKKVYENYPVSKCQLANQCNYDCKLLKHARSGECFYDEKRNLQCICDYCEY
79,0,K5E,K5E,QDKCKKVYENYPVSKCQLANQCNYDCKLLKHARSGECFYDEKRNLQCICDYCEY
80,0,K5F,K5F,QDKCKKVYENYPVSKCQLANQCNYDCKLLKHARSGECFYDEKRNLQCICDYCEY
81,0,K5G,K5G,QDKCKKVYENYPVSKCQLANQCNYDCKLLKHARSGECFYDEKRNLQCICDYCEY
82,0,K5H,K5H,QDKCKKVYENYPVSKCQLANQCNYDCKLLKHARSGECFYDEKRNLQCICDYCEY
83,0,K5I,K5I,QDKCKKVYENYPVSKCQLANQCNYDCKLLKHARSGECFYDEKRNLQCICDYCEY
84,0,K5L,K5L,QDKCKKVYENYPVSKCQLANQCNYDCKLLKHARSGECFYDEKRNLQCICDYCEY
85,0,K5M,K5M,QDKCKKVYENYPVSKCQLANQCNYDCKLLKHARSGECFYDEKRNLQCICDYCEY
86,0,K5N,K5N,QDKCKKVYENYPVSKCQLANQCNYDCKLLKHARSGECFYDEKRNLQCICDYCEY
87,0,K5P,K5P,QDKCKKVYENYPVSKCQLANQCNYDCKLLKHARSGECFYDEKRNLQCICDYCEY
88,0,K5Q,K5Q,QDKCKKVYENYPVSKCQLANQCNYDCKLLKHARSGECFYDEKRNLQCICDYCEY
89,0,K5R,K5R,QDKCKKVYENYPVSKCQLANQCNYDCKLLKHARSGECFYDEKRNLQCICDYCEY
90,0,K5S,K5S,QDKCKKVYENYPVSKCQLANQCNYDCKLLKHARSGECFYDEKRNLQCICDYCEY
91,0,K5T,K5T,QDKCKKVYENYPVSKCQLANQCNYDCKLLKHARSGECFYDEKRNLQCICDYCEY
92,0,K5V,K5V,QDKCKKVYENYPVSKCQLANQCNYDCKLLKHARSGECFYDEKRNLQCICDYCEY
93,0,K5W,K5W,QDKCKKVYENYPVSKCQLANQCNYDCKLLKHARSGECFYDEKRNLQCICDYCEY
94,0,K5Y,K5Y,QDKCKKVYENYPVSKCQLANQCNYDCKLLKHARSGECFYDEKRNLQCICDYCEY
95,0,K6A,K6A,QDKCKKVYENYPVSKCQLANQCNYDCKLLKHARSGECFYDEKRNLQCICDYCEY
96,0,K6C,K6C,QDKCKKVYENYPVSKCQLANQCNYDCKLLKHARSGECFYDEKRNLQCICDYCEY
97,0,K6D,K6D,QDKCKKVYENYPVSKCQLANQCNYDCKLLKHARSGECFYDEKRNLQCICDYCEY
98,0,K6E,K6E,QDKCKKVYENYPVSKCQLANQCNYDCKLLKHARSGECFYDEKRNLQCICDYCEY
99,0,K6F,K6F,QDKCKKVYENYPVSKCQLANQCNYDCKLLKHARSGECFYDEKRNLQCICDYCEY
100,0,K6G,K6G,QDKCKKVYENYPVSKCQLANQCNYDCKLLKHARSGECFYDEKRNLQCICDYCEY
101,0,K6H,K6H,QDKCKKVYENYPVSKCQLANQCNYDCKLLKHARSGECFYDEKRNLQCICDYCEY
102,0,K6I,K6I,QDKCKKVYENYPVSKCQLANQCNYDCKLLKHARSGECFYDEKRNLQCICDYCEY
103,0,K6L,K6L,QDKCKKVYENYPVSKCQLANQCNYDCKLLKHARSGECFYDEKRNLQCICDYCEY
104,0,K6M,K6M,QDKCKKVYENYPVSKCQLANQCNYDCKLLKHARSGECFYDEKRNLQCICDYCEY
105,0,K6N,K6N,QDKCKKVYENYPVSKCQLANQCNYDCKLLKHARSGECFYDEKRNLQCICDYCEY
106,0,K6P,K6P,QDKCKKVYENYPVSKCQLANQCNYDCKLLKHARSGECFYDEKRNLQCICDYCEY
107,0,K6Q,K6Q,QDKCKKVYENYPVSKCQLANQCNYDCKLLKHARSGECFYDEKRNLQCICDYCEY
108,0,K6R,K6R,QDKCKKVYENYPVSKCQLANQCNYDCKLLKHARSGECFYDEKRNLQCICDYCEY
109,0,K6S,K6S,QDKCKKVYENYPVSKCQLANQCNYDCKLLKHARSGECFYDEKRNLQCICDYCEY
110,0,K6T,K6T,QDKCKKVYENYPVSKCQLANQCNYDCKLLKHARSGECFYDEKRNLQCICDYCEY
111,0,K6V,K6V,QDKCKKVYENYPVSKCQLANQCNYDCKLLKHARSGECFYDEKRNLQCICDYCEY
112,0,K6W,K6W,QDKCKKVYENYPVSKCQLANQCNYDCKLLKHARSGECFYDEKRNLQCICDYCEY
113,0,K6Y,K6Y,QDKCKKVYENYPVSKCQLANQCNYDCKLLKHARSGECFYDEKRNLQCICDYCEY
114,0,V7A,V7A,QDKCKKVYENYPVSKCQLANQCNYDCKLLKHARSGECFYDEKRNLQCICDYCEY
115,0,V7C,V7C,QDKCKKVYENYPVSKCQLANQCNYDCKLLKHARSGECFYDEKRNLQCICDYCEY
116,0,V7D,V7D,QDKCKKVYENYPVSKCQLANQCNYDCKLLKHARSGECFYDEKRNLQCICDYCEY
117,0,V7E,V7E,QDKCKKVYENYPVSKCQLANQCNYDCKLLKHARSGECFYDEKRNLQCICDYCEY
118,0,V7F,V7F,QDKCKKVYENYPVSKCQLANQCNYDCKLLKHARSGECFYDEKRNLQCICDYCEY
119,0,V7G,V7G,QDKCKKVYENYPVSKCQLANQCNYDCKLLKHARSGECFYDEKRNLQCICDYCEY
120,0,V7H,V7H,QDKCKKVYENYPVSKCQLANQCNYDCKLLKHARSGECFYDEKRNLQCICDYCEY
121,0,V7I,V7I,QDKCKKVYENYPVSKCQLANQCNYDCKLLKHARSGECFYDEKRNLQCICDYCEY
122,0,V7K,V7K,QDKCKKVYENYPVSKCQLANQCNYDCKLLKHARSGECFYDEKRNLQCICDYCEY
123,0,V7L,V7L,QDKCKKVYENYPVSKCQLANQCNYDCKLLKHARSGECFYDEKRNLQCICDYCEY
124,0,V7M,V7M,QDKCKKVYENYPVSKCQLANQCNYDCKLLKHARSGECFYDEKRNLQCICDYCEY
125,0,V7N,V7N,QDKCKKVYENYPVSKCQLANQCNYDCKLLKHARSGECFYDEKRNLQCICDYCEY
126,0,V7P,V7P,QDKCKKVYENYPVSKCQLANQCNYDCKLLKHARSGECFYDEKRNLQCICDYCEY
127,0,V7Q,V7Q,QDKCKKVYENYPVSKCQLANQCNYDCKLLKHARSGECFYDEKRNLQCICDYCEY
128,0,V7R,V7R,QDKCKKVYENYPVSKCQLANQCNYDCKLLKHARSGECFYDEKRNLQCICDYCEY
129,0,V7S,V7S,QDKCKKVYENYPVSKCQLANQCNYDCKLLKHARSGECFYDEKRNLQCICDYCEY
130,0,V7T,V7T,QDKCKKVYENYPVSKCQLANQCNYDCKLLKHARSGECFYDEKRNLQCICDYCEY
131,0,V7W,V7W,QDKCKKVYENYPVSKCQLANQCNYDCKLLKHARSGECFYDEKRNLQCICDYCEY
132,0,V7Y,V7Y,QDKCKKVYENYPVSKCQLANQCNYDCKLLKHARSGECFYDEKRNLQCICDYCEY
133,0,Y8A,Y8A,QDKCKKVYENYPVSKCQLANQCNYDCKLLKHARSGECFYDEKRNLQCICDYCEY
134,0,Y8C,Y8C,QDKCKKVYENYPVSKCQLANQCNYDCKLLKHARSGECFYDEKRNLQCICDYCEY
135,0,Y8D,Y8D,QDKCKKVYENYPVSKCQLANQCNYDCKLLKHARSGECFYDEKRNLQCICDYCEY
136,0,Y8E,Y8E,QDKCKKVYENYPVSKCQLANQCNYDCKLLKHARSGECFYDEKRNLQCICDYCEY
137,0,Y8F,Y8F,QDKCKKVYENYPVSKCQLANQCNYDCKLLKHARSGECFYDEKRNLQCICDYCEY
138,0,Y8G,Y8G,QDKCKKVYENYPVSKCQLANQCNYDCKLLKHARSGECFYDEKRNLQCICDYCEY
139,0,Y8H,Y8H,QDKCKKVYENYPVSKCQLANQCNYDCKLLKHARSGECFYDEKRNLQCICDYCEY
140,0,Y8I,Y8I,QDKCKKVYENYPVSKCQLANQCNYDCKLLKHARSGECFYDEKRNLQCICDYCEY
141,0,Y8K,Y8K,QDKCKKVYENYPVSKCQLANQCNYDCKLLKHARSGECFYDEKRNLQCICDYCEY
142,0,Y8L,Y8L,QDKCKKVYENYPVSKCQLANQCNYDCKLLKHARSGECFYDEKRNLQCICDYCEY
143,0,Y8M,Y8M,QDKCKKVYENYPVSKCQLANQCNYDCKLLKHARSGECFYDEKRNLQCICDYCEY
144,0,Y8N,Y8N,QDKCKKVYENYPVSKCQLANQCNYDCKLLKHARSGECFYDEKRNLQCICDYCEY
145,0,Y8P,Y8P,QDKCKKVYENYPVSKCQLANQCNYDCKLLKHARSGECFYDEKRNLQCICDYCEY
146,0,Y8Q,Y8Q,QDKCKKVYENYPVSKCQLANQCNYDCKLLKHARSGECFYDEKRNLQCICDYCEY
147,0,Y8R,Y8R,QDKCKKVYENYPVSKCQLANQCNYDCKLLKHARSGECFYDEKRNLQCICDYCEY
148,0,Y8S,Y8S,QDKCKKVYENYPVSKCQLANQCNYDCKLLKHARSGECFYDEKRNLQCICDYCEY
149,0,Y8T,Y8T,QDKCKKVYENYPVSKCQLANQCNYDCKLLKHARSGECFYDEKRNLQCICDYCEY
150,0,Y8V,Y8V,QDKCKKVYENYPVSKCQLANQCNYDCKLLKHARSGECFYDEKRNLQCICDYCEY
151,0,Y8W,Y8W,QDKCKKVYENYPVSKCQLANQCNYDCKLLKHARSGECFYDEKRNLQCICDYCEY
152,0,E9A,E9A,QDKCKKVYENYPVSKCQLANQCNYDCKLLKHARSGECFYDEKRNLQCICDYCEY
153,0,E9C,E9C,QDKCKKVYENYPVSKCQLANQCNYDCKLLKHARSGECFYDEKRNLQCICDYCEY
154,0,E9D,E9D,QDKCKKVYENYPVSKCQLANQCNYDCKLLKHARSGECFYDEKRNLQCICDYCEY
155,0,E9F,E9F,QDKCKKVYENYPVSKCQLANQCNYDCKLLKHARSGECFYDEKRNLQCICDYCEY
156,0,E9G,E9G,QDKCKKVYENYPVSKCQLANQCNYDCKLLKHARSGECFYDEKRNLQCICDYCEY
157,0,E9H,E9H,QDKCKKVYENYPVSKCQLANQCNYDCKLLKHARSGECFYDEKRNLQCICDYCEY
158,0,E9I,E9I,QDKCKKVYENYPVSKCQLANQCNYDCKLLKHARSGECFYDEKRNLQCICDYCEY
159,0,E9K,E9K,QDKCKKVYENYPVSKCQLANQCNYDCKLLKHARSGECFYDEKRNLQCICDYCEY
160,0,E9L,E9L,QDKCKKVYENYPVSKCQLANQCNYDCKLLKHARSGECFYDEKRNLQCICDYCEY
161,0,E9M,E9M,QDKCKKVYENYPVSKCQLANQCNYDCKLLKHARSGECFYDEKRNLQCICDYCEY
162,0,E9N,E9N,QDKCKKVYENYPVSKCQLANQCNYDCKLLKHARSGECFYDEKRNLQCICDYCEY
163,0,E9P,E9P,QDKCKKVYENYPVSKCQLANQCNYDCKLLKHARSGECFYDEKRNLQCICDYCEY
164,0,E9Q,E9Q,QDKCKKVYENYPVSKCQLANQCNYDCKLLKHARSGECFYDEKRNLQCICDYCEY
165,0,E9R,E9R,QDKCKKVYENYPVSKCQLANQCNYDCKLLKHARSGECFYDEKRNLQCICDYCEY
166,0,E9S,E9S,QDKCKKVYENYPVSKCQLANQCNYDCKLLKHARSGECFYDEKRNLQCICDYCEY
167,0,E9T,E9T,QDKCKKVYENYPVSKCQLANQCNYDCKLLKHARSGECFYDEKRNLQCICDYCEY
168,0,E9V,E9V,QDKCKKVYENYPVSKCQLANQCNYDCKLLKHARSGECFYDEKRNLQCICDYCEY
169,0,E9W,E9W,QDKCKKVYENYPVSKCQLANQCNYDCKLLKHARSGECFYDEKRNLQCICDYCEY
170,0,E9Y,E9Y,QDKCKKVYENYPVSKCQLANQCNYDCKLLKHARSGECFYDEKRNLQCICDYCEY
171,0,N10A,N10A,QDKCKKVYENYPVSKCQLANQCNYDCKLLKHARSGECFYDEKRNLQCICDYCEY
172,0,N10C,N10C,QDKCKKVYENYPVSKCQLANQCNYDCKLLKHARSGECFYDEKRNLQCICDYCEY
173,0,N10D,N10D,QDKCKKVYENYPVSKCQLANQCNYDCKLLKHARSGECFYDEKRNLQCICDYCEY
174,0,N10E,N10E,QDKCKKVYENYPVSKCQLANQCNYDCKLLKHARSGECFYDEKRNLQCICDYCEY
175,0,N10F,N10F,QDKCKKVYENYPVSKCQLANQCNYDCKLLKHARSGECFYDEKRNLQCICDYCEY
176,0,N10G,N10G,QDKCKKVYENYPVSKCQLANQCNYDCKLLKHARSGECFYDEKRNLQCICDYCEY
177,0,N10H,N10H,QDKCKKVYENYPVSKCQLANQCNYDCKLLKHARSGECFYDEKRNLQCICDYCEY
178,0,N10I,N10I,QDKCKKVYENYPVSKCQLANQCNYDCKLLKHARSGECFYDEKRNLQCICDYCEY
179,0,N10K,N10K,QDKCKKVYENYPVSKCQLANQCNYDCKLLKHARSGECFYDEKRNLQCICDYCEY
180,0,N10L,N10L,QDKCKKVYENYPVSKCQLANQCNYDCKLLKHARSGECFYDEKRNLQCICDYCEY
181,0,N10M,N10M,QDKCKKVYENYPVSKCQLANQCNYDCKLLKHARSGECFYDEKRNLQCICDYCEY
182,0,N10P,N10P,QDKCKKVYENYPVSKCQLANQCNYDCKLLKHARSGECFYDEKRNLQCICDYCEY
183,0,N10Q,N10Q,QDKCKKVYENYPVSKCQLANQCNYDCKLLKHARSGECFYDEKRNLQCICDYCEY
184,0,N10R,N10R,QDKCKKVYENYPVSKCQLANQCNYDCKLLKHARSGECFYDEKRNLQCICDYCEY
185,0,N10S,N10S,QDKCKKVYENYPVSKCQLANQCNYDCKLLKHARSGECFYDEKRNLQCICDYCEY
186,0,N10T,N10T,QDKCKKVYENYPVSKCQLANQCNYDCKLLKHARSGECFYDEKRNLQCICDYCEY
187,0,N10V,N10V,QDKCKKVYENYPVSKCQLANQCNYDCKLLKHARSGECFYDEKRNLQCICDYCEY
188,0,N10W,N10W,QDKCKKVYENYPVSKCQLANQCNYDCKLLKHARSGECFYDEKRNLQCICDYCEY
189,0,N10Y,N10Y,QDKCKKVYENYPVSKCQLANQCNYDCKLLKHARSGECFYDEKRNLQCICDYCEY
190,0,Y11A,Y11A,QDKCKKVYENYPVSKCQLANQCNYDCKLLKHARSGECFYDEKRNLQCICDYCEY
191,0,Y11C,Y11C,QDKCKKVYENYPVSKCQLANQCNYDCKLLKHARSGECFYDEKRNLQCICDYCEY
192,0,Y11D,Y11D,QDKCKKVYENYPVSKCQLANQCNYDCKLLKHARSGECFYDEKRNLQCICDYCEY
193,0,Y11E,Y11E,QDKCKKVYENYPVSKCQLANQCNYDCKLLKHARSGECFYDEKRNLQCICDYCEY
194,0,Y11F,Y11F,QDKCKKVYENYPVSKCQLANQCNYDCKLLKHARSGECFYDEKRNLQCICDYCEY
195,0,Y11G,Y11G,QDKCKKVYENYPVSKCQLANQCNYDCKLLKHARSGECFYDEKRNLQCICDYCEY
196,0,Y11H,Y11H,QDKCKKVYENYPVSKCQLANQCNYDCKLLKHARSGECFYDEKRNLQCICDYCEY
197,0,Y11I,Y11I,QDKCKKVYENYPVSKCQLANQCNYDCKLLKHARSGECFYDEKRNLQCICDYCEY
198,0,Y11K,Y11K,QDKCKKVYENYPVSKCQLANQCNYDCKLLKHARSGECFYDEKRNLQCICDYCEY
199,0,Y11L,Y11L,QDKCKKVYENYPVSKCQLANQCNYDCKLLKHARSGECFYDEKRNLQCICDYCEY
200,0,Y11M,Y11M,QDKCKKVYENYPVSKCQLANQCNYDCKLLKHARSGECFYDEKRNLQCICDYCEY
201,0,Y11N,Y11N,QDKCKKVYENYPVSKCQLANQCNYDCKLLKHARSGECFYDEKRNLQCICDYCEY
202,0,Y11P,Y11P,QDKCKKVYENYPVSKCQLANQCNYDCKLLKHARSGECFYDEKRNLQCICDYCEY
203,0,Y11Q,Y11Q,QDKCKKVYENYPVSKCQLANQCNYDCKLLKHARSGECFYDEKRNLQCICDYCEY
204,0,Y11R,Y11R,QDKCKKVYENYPVSKCQLANQCNYDCKLLKHARSGECFYDEKRNLQCICDYCEY
205,0,Y11S,Y11S,QDKCKKVYENYPVSKCQLANQCNYDCKLLKHARSGECFYDEKRNLQCICDYCEY
206,0,Y11T,Y11T,QDKCKKVYENYPVSKCQLANQCNYDCKLLKHARSGECFYDEKRNLQCICDYCEY
207,0,Y11V,Y11V,QDKCKKVYENYPVSKCQLANQCNYDCKLLKHARSGECFYDEKRNLQCICDYCEY
208,0,Y11W,Y11W,QDKCKKVYENYPVSKCQLANQCNYDCKLLKHARSGECFYDEKRNLQCICDYCEY
209,0,P12A,P12A,QDKCKKVYENYPVSKCQLANQCNYDCKLLKHARSGECFYDEKRNLQCICDYCEY
210,0,P12C,P12C,QDKCKKVYENYPVSKCQLANQCNYDCKLLKHARSGECFYDEKRNLQCICDYCEY
211,0,P12D,P12D,QDKCKKVYENYPVSKCQLANQCNYDCKLLKHARSGECFYDEKRNLQCICDYCEY
212,0,P12E,P12E,QDKCKKVYENYPVSKCQLANQCNYDCKLLKHARSGECFYDEKRNLQCICDYCEY
213,0,P12F,P12F,QDKCKKVYENYPVSKCQLANQCNYDCKLLKHARSGECFYDEKRNLQCICDYCEY
214,0,P12G,P12G,QDKCKKVYENYPVSKCQLANQCNYDCKLLKHARSGECFYDEKRNLQCICDYCEY
215,0,P12H,P12H,QDKCKKVYENYPVSKCQLANQCNYDCKLLKHARSGECFYDEKRNLQCICDYCEY
216,0,P12I,P12I,QDKCKKVYENYPVSKCQLANQCNYDCKLLKHARSGECFYDEKRNLQCICDYCEY
217,0,P12K,P12K,QDKCKKVYENYPVSKCQLANQCNYDCKLLKHARSGECFYDEKRNLQCICDYCEY
218,0,P12L,P12L,QDKCKKVYENYPVSKCQLANQCNYDCKLLKHARSGECFYDEKRNLQCICDYCEY
219,0,P12M,P12M,QDKCKKVYENYPVSKCQLANQCNYDCKLLKHARSGECFYDEKRNLQCICDYCEY
220,0,P12N,P12N,QDKCKKVYENYPVSKCQLANQCNYDCKLLKHARSGECFYDEKRNLQCICDYCEY
221,0,P12Q,P12Q,QDKCKKVYENYPVSKCQLANQCNYDCKLLKHARSGECFYDEKRNLQCICDYCEY
222,0,P12R,P12R,QDKCKKVYENYPVSKCQLANQCNYDCKLLKHARSGECFYDEKRNLQCICDYCEY
223,0,P12S,P12S,QDKCKKVYENYPVSKCQLANQCNYDCKLLKHARSGECFYDEKRNLQCICDYCEY
224,0,P12T,P12T,QDKCKKVYENYPVSKCQLANQCNYDCKLLKHARSGECFYDEKRNLQCICDYCEY
225,0,P12V,P12V,QDKCKKVYENYPVSKCQLANQCNYDCKLLKHARSGECFYDEKRNLQCICDYCEY
226,0,P12W,P12W,QDKCKKVYENYPVSKCQLANQCNYDCKLLKHARSGECFYDEKRNLQCICDYCEY
227,0,P12Y,P12Y,QDKCKKVYENYPVSKCQLANQCNYDCKLLKHARSGECFYDEKRNLQCICDYCEY
228,0,V13A,V13A,QDKCKKVYENYPVSKCQLANQCNYDCKLLKHARSGECFYDEKRNLQCICDYCEY
229,0,V13C,V13C,QDKCKKVYENYPVSKCQLANQCNYDCKLLKHARSGECFYDEKRNLQCICDYCEY
230,0,V13D,V13D,QDKCKKVYENYPVSKCQLANQCNYDCKLLKHARSGECFYDEKRNLQCICDYCEY
231,0,V13E,V13E,QDKCKKVYENYPVSKCQLANQCNYDCKLLKHARSGECFYDEKRNLQCICDYCEY
232,0,V13F,V13F,QDKCKKVYENYPVSKCQLANQCNYDCKLLKHARSGECFYDEKRNLQCICDYCEY
233,0,V13G,V13G,QDKCKKVYENYPVSKCQLANQCNYDCKLLKHARSGECFYDEKRNLQCICDYCEY
234,0,V13H,V13H,QDKCKKVYENYPVSKCQLANQCNYDCKLLKHARSGECFYDEKRNLQCICDYCEY
235,0,V13I,V13I,QDKCKKVYENYPVSKCQLANQCNYDCKLLKHARSGECFYDEKRNLQCICDYCEY
236,0,V13K,V13K,QDKCKKVYENYPVSKCQLANQCNYDCKLLKHARSGECFYDEKRNLQCICDYCEY
237,0,V13L,V13L,QDKCKKVYENYPVSKCQLANQCNYDCKLLKHARSGECFYDEKRNLQCICDYCEY
238,0,V13M,V13M,QDKCKKVYENYPVSKCQLANQCNYDCKLLKHARSGECFYDEKRNLQCICDYCEY
239,0,V13N,V13N,QDKCKKVYENYPVSKCQLANQCNYDCKLLKHARSGECFYDEKRNLQCICDYCEY
240,0,V13P,V13P,QDKCKKVYENYPVSKCQLANQCNYDCKLLKHARSGECFYDEKRNLQCICDYCEY
241,0,V13Q,V13Q,QDKCKKVYENYPVSKCQLANQCNYDCKLLKHARSGECFYDEKRNLQCICDYCEY
242,0,V13R,V13R,QDKCKKVYENYPVSKCQLANQCNYDCKLLKHARSGECFYDEKRNLQCICDYCEY
243,0,V13S,V13S,QDKCKKVYENYPVSKCQLANQCNYDCKLLKHARSGECFYDEKRNLQCICDYCEY
244,0,V13T,V13T,QDKCKKVYENYPVSKCQLANQCNYDCKLLKHARSGECFYDEKRNLQCICDYCEY
245,0,V13W,V13W,QDKCKKVYENYPVSKCQLANQCNYDCKLLKHARSGECFYDEKRNLQCICDYCEY
246,0,V13Y,V13Y,QDKCKKVYENYPVSKCQLANQCNYDCKLLKHARSGECFYDEKRNLQCICDYCEY
247,0,S14A,S14A,QDKCKKVYENYPVSKCQLANQCNYDCKLLKHARSGECFYDEKRNLQCICDYCEY
248,0,S14C,S14C,QDKCKKVYENYPVSKCQLANQCNYDCKLLKHARSGECFYDEKRNLQCICDYCEY
249,0,S14D,S14D,QDKCKKVYENYPVSKCQLANQCNYDCKLLKHARSGECFYDEKRNLQCICDYCEY
250,0,S14E,S14E,QDKCKKVYENYPVSKCQLANQCNYDCKLLKHARSGECFYDEKRNLQCICDYCEY
251,0,S14F,S14F,QDKCKKVYENYPVSKCQLANQCNYDCKLLKHARSGECFYDEKRNLQCICDYCEY
252,0,S14G,S14G,QDKCKKVYENYPVSKCQLANQCNYDCKLLKHARSGECFYDEKRNLQCICDYCEY
253,0,S14H,S14H,QDKCKKVYENYPVSKCQLANQCNYDCKLLKHARSGECFYDEKRNLQCICDYCEY
254,0,S14I,S14I,QDKCKKVYENYPVSKCQLANQCNYDCKLLKHARSGECFYDEKRNLQCICDYCEY
255,0,S14K,S14K,QDKCKKVYENYPVSKCQLANQCNYDCKLLKHARSGECFYDEKRNLQCICDYCEY
256,0,S14L,S14L,QDKCKKVYENYPVSKCQLANQCNYDCKLLKHARSGECFYDEKRNLQCICDYCEY
257,0,S14M,S14M,QDKCKKVYENYPVSKCQLANQCNYDCKLLKHARSGECFYDEKRNLQCICDYCEY
258,0,S14N,S14N,QDKCKKVYENYPVSKCQLANQCNYDCKLLKHARSGECFYDEKRNLQCICDYCEY
259,0,S14P,S14P,QDKCKKVYENYPVSKCQLANQCNYDCKLLKHARSGECFYDEKRNLQCICDYCEY
260,0,S14Q,S14Q,QDKCKKVYENYPVSKCQLANQCNYDCKLLKHARSGECFYDEKRNLQCICDYCEY
261,0,S14R,S14R,QDKCKKVYENYPVSKCQLANQCNYDCKLLKHARSGECFYDEKRNLQCICDYCEY
262,0,S14T,S14T,QDKCKKVYENYPVSKCQLANQCNYDCKLLKHARSGECFYDEKRNLQCICDYCEY
263,0,S14V,S14V,QDKCKKVYENYPVSKCQLANQCNYDCKLLKHARSGECFYDEKRNLQCICDYCEY
264,0,S14W,S14W,QDKCKKVYENYPVSKCQLANQCNYDCKLLKHARSGECFYDEKRNLQCICDYCEY
265,0,S14Y,S14Y,QDKCKKVYENYPVSKCQLANQCNYDCKLLKHARSGECFYDEKRNLQCICDYCEY
266,0,K15A,K15A,QDKCKKVYENYPVSKCQLANQCNYDCKLLKHARSGECFYDEKRNLQCICDYCEY
267,0,K15C,K15C,QDKCKKVYENYPVSKCQLANQCNYDCKLLKHARSGECFYDEKRNLQCICDYCEY
268,0,K15D,K15D,QDKCKKVYENYPVSKCQLANQCNYDCKLLKHARSGECFYDEKRNLQCICDYCEY
269,0,K15E,K15E,QDKCKKVYENYPVSKCQLANQCNYDCKLLKHARSGECFYDEKRNLQCICDYCEY
270,0,K15F,K15F,QDKCKKVYENYPVSKCQLANQCNYDCKLLKHARSGECFYDEKRNLQCICDYCEY
271,0,K15G,K15G,QDKCKKVYENYPVSKCQLANQCNYDCKLLKHARSGECFYDEKRNLQCICDYCEY
272,0,K15H,K15H,QDKCKKVYENYPVSKCQLANQCNYDCKLLKHARSGECFYDEKRNLQCICDYCEY
273,0,K15I,K15I,QDKCKKVYENYPVSKCQLANQCNYDCKLLKHARSGECFYDEKRNLQCICDYCEY
274,0,K15L,K15L,QDKCKKVYENYPVSKCQLANQCNYDCKLLKHARSGECFYDEKRNLQCICDYCEY
275,0,K15M,K15M,QDKCKKVYENYPVSKCQLANQCNYDCKLLKHARSGECFYDEKRNLQCICDYCEY
276,0,K15N,K15N,QDKCKKVYENYPVSKCQLANQCNYDCKLLKHARSGECFYDEKRNLQCICDYCEY
277,0,K15P,K15P,QDKCKKVYENYPVSKCQLANQCNYDCKLLKHARSGECFYDEKRNLQCICDYCEY
278,0,K15Q,K15Q,QDKCKKVYENYPVSKCQLANQCNYDCKLLKHARSGECFYDEKRNLQCICDYCEY
279,0,K15R,K15R,QDKCKKVYENYPVSKCQLANQCNYDCKLLKHARSGECFYDEKRNLQCICDYCEY
280,0,K15S,K15S,QDKCKKVYENYPVSKCQLANQCNYDCKLLKHARSGECFYDEKRNLQCICDYCEY
281,0,K15T,K15T,QDKCKKVYENYPVSKCQLANQCNYDCKLLKHARSGECFYDEKRNLQCICDYCEY
282,0,K15V,K15V,QDKCKKVYENYPVSKCQLANQCNYDCKLLKHARSGECFYDEKRNLQCICDYCEY
283,0,K15W,K15W,QDKCKKVYENYPVSKCQLANQCNYDCKLLKHARSGECFYDEKRNLQCICDYCEY
284,0,K15Y,K15Y,QDKCKKVYENYPVSKCQLANQCNYDCKLLKHARSGECFYDEKRNLQCICDYCEY
285,0,C16A,C16A,QDKCKKVYENYPVSKCQLANQCNYDCKLLKHARSGECFYDEKRNLQCICDYCEY
286,0,C16D,C16D,QDKCKKVYENYPVSKCQLANQCNYDCKLLKHARSGECFYDEKRNLQCICDYCEY
287,0,C16E,C16E,QDKCKKVYENYPVSKCQLANQCNYDCKLLKHARSGECFYDEKRNLQCICDYCEY
288,0,C16F,C16F,QDKCKKVYENYPVSKCQLANQCNYDCKLLKHARSGECFYDEKRNLQCICDYCEY
289,0,C16G,C16G,QDKCKKVYENYPVSKCQLANQCNYDCKLLKHARSGECFYDEKRNLQCICDYCEY
290,0,C16H,C16H,QDKCKKVYENYPVSKCQLANQCNYDCKLLKHARSGECFYDEKRNLQCICDYCEY
291,0,C16I,C16I,QDKCKKVYENYPVSKCQLANQCNYDCKLLKHARSGECFYDEKRNLQCICDYCEY
292,0,C16K,C16K,QDKCKKVYENYPVSKCQLANQCNYDCKLLKHARSGECFYDEKRNLQCICDYCEY
293,0,C16L,C16L,QDKCKKVYENYPVSKCQLANQCNYDCKLLKHARSGECFYDEKRNLQCICDYCEY
294,0,C16M,C16M,QDKCKKVYENYPVSKCQLANQCNYDCKLLKHARSGECFYDEKRNLQCICDYCEY
295,0,C16N,C16N,QDKCKKVYENYPVSKCQLANQCNYDCKLLKHARSGECFYDEKRNLQCICDYCEY
296,0,C16P,C16P,QDKCKKVYENYPVSKCQLANQCNYDCKLLKHARSGECFYDEKRNLQCICDYCEY
297,0,C16Q,C16Q,QDKCKKVYENYPVSKCQLANQCNYDCKLLKHARSGECFYDEKRNLQCICDYCEY
298,0,C16R,C16R,QDKCKKVYENYPVSKCQLANQCNYDCKLLKHARSGECFYDEKRNLQCICDYCEY
299,0,C16S,C16S,QDKCKKVYENYPVSKCQLANQCNYDCKLLKHARSGECFYDEKRNLQCICDYCEY
300,0,C16T,C16T,QDKCKKVYENYPVSKCQLANQCNYDCKLLKHARSGECFYDEKRNLQCICDYCEY
301,0,C16V,C16V,QDKCKKVYENYPVSKCQLANQCNYDCKLLKHARSGECFYDEKRNLQCICDYCEY
302,0,C16W,C16W,QDKCKKVYENYPVSKCQLANQCNYDCKLLKHARSGECFYDEKRNLQCICDYCEY
303,0,C16Y,C16Y,QDKCKKVYENYPVSKCQLANQCNYDCKLLKHARSGECFYDEKRNLQCICDYCEY
304,0,Q17A,Q17A,QDKCKKVYENYPVSKCQLANQCNYDCKLLKHARSGECFYDEKRNLQCICDYCEY
305,0,Q17C,Q17C,QDKCKKVYENYPVSKCQLANQCNYDCKLLKHARSGECFYDEKRNLQCICDYCEY
306,0,Q17D,Q17D,QDKCKKVYENYPVSKCQLANQCNYDCKLLKHARSGECFYDEKRNLQCICDYCEY
307,0,Q17E,Q17E,QDKCKKVYENYPVSKCQLANQCNYDCKLLKHARSGECFYDEKRNLQCICDYCEY
308,0,Q17F,Q17F,QDKCKKVYENYPVSKCQLANQCNYDCKLLKHARSGECFYDEKRNLQCICDYCEY
309,0,Q17G,Q17G,QDKCKKVYENYPVSKCQLANQCNYDCKLLKHARSGECFYDEKRNLQCICDYCEY
310,0,Q17H,Q17H,QDKCKKVYENYPVSKCQLANQCNYDCKLLKHARSGECFYDEKRNLQCICDYCEY
311,0,Q17I,Q17I,QDKCKKVYENYPVSKCQLANQCNYDCKLLKHARSGECFYDEKRNLQCICDYCEY
312,0,Q17K,Q17K,QDKCKKVYENYPVSKCQLANQCNYDCKLLKHARSGECFYDEKRNLQCICDYCEY
313,0,Q17L,Q17L,QDKCKKVYENYPVSKCQLANQCNYDCKLLKHARSGECFYDEKRNLQCICDYCEY
314,0,Q17M,Q17M,QDKCKKVYENYPVSKCQLANQCNYDCKLLKHARSGECFYDEKRNLQCICDYCEY
315,0,Q17N,Q17N,QDKCKKVYENYPVSKCQLANQCNYDCKLLKHARSGECFYDEKRNLQCICDYCEY
316,0,Q17P,Q17P,QDKCKKVYENYPVSKCQLANQCNYDCKLLKHARSGECFYDEKRNLQCICDYCEY
317,0,Q17R,Q17R,QDKCKKVYENYPVSKCQLANQCNYDCKLLKHARSGECFYDEKRNLQCICDYCEY
318,0,Q17S,Q17S,QDKCKKVYENYPVSKCQLANQCNYDCKLLKHARSGECFYDEKRNLQCICDYCEY
319,0,Q17T,Q17T,QDKCKKVYENYPVSKCQLANQCNYDCKLLKHARSGECFYDEKRNLQCICDYCEY
320,0,Q17V,Q17V,QDKCKKVYENYPVSKCQLANQCNYDCKLLKHARSGECFYDEKRNLQCICDYCEY
321,0,Q17W,Q17W,QDKCKKVYENYPVSKCQLANQCNYDCKLLKHARSGECFYDEKRNLQCICDYCEY
322,0,Q17Y,Q17Y,QDKCKKVYENYPVSKCQLANQCNYDCKLLKHARSGECFYDEKRNLQCICDYCEY
323,0,L18A,L18A,QDKCKKVYENYPVSKCQLANQCNYDCKLLKHARSGECFYDEKRNLQCICDYCEY
324,0,L18C,L18C,QDKCKKVYENYPVSKCQLANQCNYDCKLLKHARSGECFYDEKRNLQCICDYCEY
325,0,L18D,L18D,QDKCKKVYENYPVSKCQLANQCNYDCKLLKHARSGECFYDEKRNLQCICDYCEY
326,0,L18E,L18E,QDKCKKVYENYPVSKCQLANQCNYDCKLLKHARSGECFYDEKRNLQCICDYCEY
327,0,L18F,L18F,QDKCKKVYENYPVSKCQLANQCNYDCKLLKHARSGECFYDEKRNLQCICDYCEY
328,0,L18G,L18G,QDKCKKVYENYPVSKCQLANQCNYDCKLLKHARSGECFYDEKRNLQCICDYCEY
329,0,L18H,L18H,QDKCKKVYENYPVSKCQLANQCNYDCKLLKHARSGECFYDEKRNLQCICDYCEY
330,0,L18I,L18I,QDKCKKVYENYPVSKCQLANQCNYDCKLLKHARSGECFYDEKRNLQCICDYCEY
331,0,L18K,L18K,QDKCKKVYENYPVSKCQLANQCNYDCKLLKHARSGECFYDEKRNLQCICDYCEY
332,0,L18M,L18M,QDKCKKVYENYPVSKCQLANQCNYDCKLLKHARSGECFYDEKRNLQCICDYCEY
333,0,L18N,L18N,QDKCKKVYENYPVSKCQLANQCNYDCKLLKHARSGECFYDEKRNLQCICDYCEY
334,0,L18P,L18P,QDKCKKVYENYPVSKCQLANQCNYDCKLLKHARSGECFYDEKRNLQCICDYCEY
335,0,L18Q,L18Q,QDKCKKVYENYPVSKCQLANQCNYDCKLLKHARSGECFYDEKRNLQCICDYCEY
336,0,L18R,L18R,QDKCKKVYENYPVSKCQLANQCNYDCKLLKHARSGECFYDEKRNLQCICDYCEY
337,0,L18S,L18S,QDKCKKVYENYPVSKCQLANQCNYDCKLLKHARSGECFYDEKRNLQCICDYCEY
338,0,L18T,L18T,QDKCKKVYENYPVSKCQLANQCNYDCKLLKHARSGECFYDEKRNLQCICDYCEY
339,0,L18V,L18V,QDKCKKVYENYPVSKCQLANQCNYDCKLLKHARSGECFYDEKRNLQCICDYCEY
340,0,L18W,L18W,QDKCKKVYENYPVSKCQLANQCNYDCKLLKHARSGECFYDEKRNLQCICDYCEY
341,0,L18Y,L18Y,QDKCKKVYENYPVSKCQLANQCNYDCKLLKHARSGECFYDEKRNLQCICDYCEY
342,0,A19C,A19C,QDKCKKVYENYPVSKCQLANQCNYDCKLLKHARSGECFYDEKRNLQCICDYCEY
343,0,A19D,A19D,QDKCKKVYENYPVSKCQLANQCNYDCKLLKHARSGECFYDEKRNLQCICDYCEY
344,0,A19E,A19E,QDKCKKVYENYPVSKCQLANQCNYDCKLLKHARSGECFYDEKRNLQCICDYCEY
345,0,A19F,A19F,QDKCKKVYENYPVSKCQLANQCNYDCKLLKHARSGECFYDEKRNLQCICDYCEY
346,0,A19G,A19G,QDKCKKVYENYPVSKCQLANQCNYDCKLLKHARSGECFYDEKRNLQCICDYCEY
347,0,A19H,A19H,QDKCKKVYENYPVSKCQLANQCNYDCKLLKHARSGECFYDEKRNLQCICDYCEY
348,0,A19I,A19I,QDKCKKVYENYPVSKCQLANQCNYDCKLLKHARSGECFYDEKRNLQCICDYCEY
349,0,A19K,A19K,QDKCKKVYENYPVSKCQLANQCNYDCKLLKHARSGECFYDEKRNLQCICDYCEY
350,0,A19L,A19L,QDKCKKVYENYPVSKCQLANQCNYDCKLLKHARSGECFYDEKRNLQCICDYCEY
351,0,A19M,A19M,QDKCKKVYENYPVSKCQLANQCNYDCKLLKHARSGECFYDEKRNLQCICDYCEY
352,0,A19N,A19N,QDKCKKVYENYPVSKCQLANQCNYDCKLLKHARSGECFYDEKRNLQCICDYCEY
353,0,A19P,A19P,QDKCKKVYENYPVSKCQLANQCNYDCKLLKHARSGECFYDEKRNLQCICDYCEY
354,0,A19Q,A19Q,QDKCKKVYENYPVSKCQLANQCNYDCKLLKHARSGECFYDEKRNLQCICDYCEY
355,0,A19R,A19R,QDKCKKVYENYPVSKCQLANQCNYDCKLLKHARSGECFYDEKRNLQCICDYCEY
356,0,A19S,A19S,QDKCKKVYENYPVSKCQLANQCNYDCKLLKHARSGECFYDEKRNLQCICDYCEY
357,0,A19T,A19T,QDKCKKVYENYPVSKCQLANQCNYDCKLLKHARSGECFYDEKRNLQCICDYCEY
358,0,A19V,A19V,QDKCKKVYENYPVSKCQLANQCNYDCKLLKHARSGECFYDEKRNLQCICDYCEY
359,0,A19W,A19W,QDKCKKVYENYPVSKCQLANQCNYDCKLLKHARSGECFYDEKRNLQCICDYCEY
360,0,A19Y,A19Y,QDKCKKVYENYPVSKCQLANQCNYDCKLLKHARSGECFYDEKRNLQCICDYCEY
361,0,N20A,N20A,QDKCKKVYENYPVSKCQLANQCNYDCKLLKHARSGECFYDEKRNLQCICDYCEY
362,0,N20C,N20C,QDKCKKVYENYPVSKCQLANQCNYDCKLLKHARSGECFYDEKRNLQCICDYCEY
363,0,N20D,N20D,QDKCKKVYENYPVSKCQLANQCNYDCKLLKHARSGECFYDEKRNLQCICDYCEY
364,0,N20E,N20E,QDKCKKVYENYPVSKCQLANQCNYDCKLLKHARSGECFYDEKRNLQCICDYCEY
365,0,N20F,N20F,QDKCKKVYENYPVSKCQLANQCNYDCKLLKHARSGECFYDEKRNLQCICDYCEY
366,0,N20G,N20G,QDKCKKVYENYPVSKCQLANQCNYDCKLLKHARSGECFYDEKRNLQCICDYCEY
367,0,N20H,N20H,QDKCKKVYENYPVSKCQLANQCNYDCKLLKHARSGECFYDEKRNLQCICDYCEY
368,0,N20I,N20I,QDKCKKVYENYPVSKCQLANQCNYDCKLLKHARSGECFYDEKRNLQCICDYCEY
369,0,N20K,N20K,QDKCKKVYENYPVSKCQLANQCNYDCKLLKHARSGECFYDEKRNLQCICDYCEY
370,0,N20L,N20L,QDKCKKVYENYPVSKCQLANQCNYDCKLLKHARSGECFYDEKRNLQCICDYCEY
371,0,N20M,N20M,QDKCKKVYENYPVSKCQLANQCNYDCKLLKHARSGECFYDEKRNLQCICDYCEY
372,0,N20P,N20P,QDKCKKVYENYPVSKCQLANQCNYDCKLLKHARSGECFYDEKRNLQCICDYCEY
373,0,N20Q,N20Q,QDKCKKVYENYPVSKCQLANQCNYDCKLLKHARSGECFYDEKRNLQCICDYCEY
374,0,N20R,N20R,QDKCKKVYENYPVSKCQLANQCNYDCKLLKHARSGECFYDEKRNLQCICDYCEY
375,0,N20S,N20S,QDKCKKVYENYPVSKCQLANQCNYDCKLLKHARSGECFYDEKRNLQCICDYCEY
376,0,N20T,N20T,QDKCKKVYENYPVSKCQLANQCNYDCKLLKHARSGECFYDEKRNLQCICDYCEY
377,0,N20V,N20V,QDKCKKVYENYPVSKCQLANQCNYDCKLLKHARSGECFYDEKRNLQCICDYCEY
378,0,N20W,N20W,QDKCKKVYENYPVSKCQLANQCNYDCKLLKHARSGECFYDEKRNLQCICDYCEY
379,0,N20Y,N20Y,QDKCKKVYENYPVSKCQLANQCNYDCKLLKHARSGECFYDEKRNLQCICDYCEY
380,0,Q21A,Q21A,QDKCKKVYENYPVSKCQLANQCNYDCKLLKHARSGECFYDEKRNLQCICDYCEY
381,0,Q21C,Q21C,QDKCKKVYENYPVSKCQLANQCNYDCKLLKHARSGECFYDEKRNLQCICDYCEY
382,0,Q21D,Q21D,QDKCKKVYENYPVSKCQLANQCNYDCKLLKHARSGECFYDEKRNLQCICDYCEY
383,0,Q21E,Q21E,QDKCKKVYENYPVSKCQLANQCNYDCKLLKHARSGECFYDEKRNLQCICDYCEY
384,0,Q21F,Q21F,QDKCKKVYENYPVSKCQLANQCNYDCKLLKHARSGECFYDEKRNLQCICDYCEY
385,0,Q21G,Q21G,QDKCKKVYENYPVSKCQLANQCNYDCKLLKHARSGECFYDEKRNLQCICDYCEY
386,0,Q21H,Q21H,QDKCKKVYENYPVSKCQLANQCNYDCKLLKHARSGECFYDEKRNLQCICDYCEY
387,0,Q21I,Q21I,QDKCKKVYENYPVSKCQLANQCNYDCKLLKHARSGECFYDEKRNLQCICDYCEY
388,0,Q21K,Q21K,QDKCKKVYENYPVSKCQLANQCNYDCKLLKHARSGECFYDEKRNLQCICDYCEY
389,0,Q21L,Q21L,QDKCKKVYENYPVSKCQLANQCNYDCKLLKHARSGECFYDEKRNLQCICDYCEY
390,0,Q21M,Q21M,QDKCKKVYENYPVSKCQLANQCNYDCKLLKHARSGECFYDEKRNLQCICDYCEY
391,0,Q21N,Q21N,QDKCKKVYENYPVSKCQLANQCNYDCKLLKHARSGECFYDEKRNLQCICDYCEY
392,0,Q21P,Q21P,QDKCKKVYENYPVSKCQLANQCNYDCKLLKHARSGECFYDEKRNLQCICDYCEY
393,0,Q21R,Q21R,QDKCKKVYENYPVSKCQLANQCNYDCKLLKHARSGECFYDEKRNLQCICDYCEY
394,0,Q21S,Q21S,QDKCKKVYENYPVSKCQLANQCNYDCKLLKHARSGECFYDEKRNLQCICDYCEY
395,0,Q21T,Q21T,QDKCKKVYENYPVSKCQLANQCNYDCKLLKHARSGECFYDEKRNLQCICDYCEY
396,0,Q21V,Q21V,QDKCKKVYENYPVSKCQLANQCNYDCKLLKHARSGECFYDEKRNLQCICDYCEY
397,0,Q21W,Q21W,QDKCKKVYENYPVSKCQLANQCNYDCKLLKHARSGECFYDEKRNLQCICDYCEY
398,0,Q21Y,Q21Y,QDKCKKVYENYPVSKCQLANQCNYDCKLLKHARSGECFYDEKRNLQCICDYCEY
399,0,C22A,C22A,QDKCKKVYENYPVSKCQLANQCNYDCKLLKHARSGECFYDEKRNLQCICDYCEY
400,0,C22D,C22D,QDKCKKVYENYPVSKCQLANQCNYDCKLLKHARSGECFYDEKRNLQCICDYCEY
401,0,C22E,C22E,QDKCKKVYENYPVSKCQLANQCNYDCKLLKHARSGECFYDEKRNLQCICDYCEY
402,0,C22F,C22F,QDKCKKVYENYPVSKCQLANQCNYDCKLLKHARSGECFYDEKRNLQCICDYCEY
403,0,C22G,C22G,QDKCKKVYENYPVSKCQLANQCNYDCKLLKHARSGECFYDEKRNLQCICDYCEY
404,0,C22H,C22H,QDKCKKVYENYPVSKCQLANQCNYDCKLLKHARSGECFYDEKRNLQCICDYCEY
405,0,C22I,C22I,QDKCKKVYENYPVSKCQLANQCNYDCKLLKHARSGECFYDEKRNLQCICDYCEY
406,0,C22K,C22K,QDKCKKVYENYPVSKCQLANQCNYDCKLLKHARSGECFYDEKRNLQCICDYCEY
407,0,C22L,C22L,QDKCKKVYENYPVSKCQLANQCNYDCKLLKHARSGECFYDEKRNLQCICDYCEY
408,0,C22M,C22M,QDKCKKVYENYPVSKCQLANQCNYDCKLLKHARSGECFYDEKRNLQCICDYCEY
409,0,C22N,C22N,QDKCKKVYENYPVSKCQLANQCNYDCKLLKHARSGECFYDEKRNLQCICDYCEY
410,0,C22P,C22P,QDKCKKVYENYPVSKCQLANQCNYDCKLLKHARSGECFYDEKRNLQCICDYCEY
411,0,C22Q,C22Q,QDKCKKVYENYPVSKCQLANQCNYDCKLLKHARSGECFYDEKRNLQCICDYCEY
412,0,C22R,C22R,QDKCKKVYENYPVSKCQLANQCNYDCKLLKHARSGECFYDEKRNLQCICDYCEY
413,0,C22S,C22S,QDKCKKVYENYPVSKCQLANQCNYDCKLLKHARSGECFYDEKRNLQCICDYCEY
414,0,C22T,C22T,QDKCKKVYENYPVSKCQLANQCNYDCKLLKHARSGECFYDEKRNLQCICDYCEY
415,0,C22V,C22V,QDKCKKVYENYPVSKCQLANQCNYDCKLLKHARSGECFYDEKRNLQCICDYCEY
416,0,C22W,C22W,QDKCKKVYENYPVSKCQLANQCNYDCKLLKHARSGECFYDEKRNLQCICDYCEY
417,0,C22Y,C22Y,QDKCKKVYENYPVSKCQLANQCNYDCKLLKHARSGECFYDEKRNLQCICDYCEY
418,0,N23A,N23A,QDKCKKVYENYPVSKCQLANQCNYDCKLLKHARSGECFYDEKRNLQCICDYCEY
419,0,N23C,N23C,QDKCKKVYENYPVSKCQLANQCNYDCKLLKHARSGECFYDEKRNLQCICDYCEY
420,0,N23D,N23D,QDKCKKVYENYPVSKCQLANQCNYDCKLLKHARSGECFYDEKRNLQCICDYCEY
421,0,N23E,N23E,QDKCKKVYENYPVSKCQLANQCNYDCKLLKHARSGECFYDEKRNLQCICDYCEY
422,0,N23F,N23F,QDKCKKVYENYPVSKCQLANQCNYDCKLLKHARSGECFYDEKRNLQCICDYCEY
423,0,N23G,N23G,QDKCKKVYENYPVSKCQLANQCNYDCKLLKHARSGECFYDEKRNLQCICDYCEY
424,0,N23H,N23H,QDKCKKVYENYPVSKCQLANQCNYDCKLLKHARSGECFYDEKRNLQCICDYCEY
425,0,N23I,N23I,QDKCKKVYENYPVSKCQLANQCNYDCKLLKHARSGECFYDEKRNLQCICDYCEY
426,0,N23K,N23K,QDKCKKVYENYPVSKCQLANQCNYDCKLLKHARSGECFYDEKRNLQCICDYCEY
427,0,N23L,N23L,QDKCKKVYENYPVSKCQLANQCNYDCKLLKHARSGECFYDEKRNLQCICDYCEY
428,0,N23M,N23M,QDKCKKVYENYPVSKCQLANQCNYDCKLLKHARSGECFYDEKRNLQCICDYCEY
429,0,N23P,N23P,QDKCKKVYENYPVSKCQLANQCNYDCKLLKHARSGECFYDEKRNLQCICDYCEY
430,0,N23Q,N23Q,QDKCKKVYENYPVSKCQLANQCNYDCKLLKHARSGECFYDEKRNLQCICDYCEY
431,0,N23R,N23R,QDKCKKVYENYPVSKCQLANQCNYDCKLLKHARSGECFYDEKRNLQCICDYCEY
432,0,N23S,N23S,QDKCKKVYENYPVSKCQLANQCNYDCKLLKHARSGECFYDEKRNLQCICDYCEY
433,0,N23T,N23T,QDKCKKVYENYPVSKCQLANQCNYDCKLLKHARSGECFYDEKRNLQCICDYCEY
434,0,N23V,N23V,QDKCKKVYENYPVSKCQLANQCNYDCKLLKHARSGECFYDEKRNLQCICDYCEY
435,0,N23W,N23W,QDKCKKVYENYPVSKCQLANQCNYDCKLLKHARSGECFYDEKRNLQCICDYCEY
436,0,N23Y,N23Y,QDKCKKVYENYPVSKCQLANQCNYDCKLLKHARSGECFYDEKRNLQCICDYCEY
437,0,Y24A,Y24A,QDKCKKVYENYPVSKCQLANQCNYDCKLLKHARSGECFYDEKRNLQCICDYCEY
438,0,Y24C,Y24C,QDKCKKVYENYPVSKCQLANQCNYDCKLLKHARSGECFYDEKRNLQCICDYCEY
439,0,Y24D,Y24D,QDKCKKVYENYPVSKCQLANQCNYDCKLLKHARSGECFYDEKRNLQCICDYCEY
440,0,Y24E,Y24E,QDKCKKVYENYPVSKCQLANQCNYDCKLLKHARSGECFYDEKRNLQCICDYCEY
441,0,Y24F,Y24F,QDKCKKVYENYPVSKCQLANQCNYDCKLLKHARSGECFYDEKRNLQCICDYCEY
442,0,Y24G,Y24G,QDKCKKVYENYPVSKCQLANQCNYDCKLLKHARSGECFYDEKRNLQCICDYCEY
443,0,Y24H,Y24H,QDKCKKVYENYPVSKCQLANQCNYDCKLLKHARSGECFYDEKRNLQCICDYCEY
444,0,Y24I,Y24I,QDKCKKVYENYPVSKCQLANQCNYDCKLLKHARSGECFYDEKRNLQCICDYCEY
445,0,Y24K,Y24K,QDKCKKVYENYPVSKCQLANQCNYDCKLLKHARSGECFYDEKRNLQCICDYCEY
446,0,Y24L,Y24L,QDKCKKVYENYPVSKCQLANQCNYDCKLLKHARSGECFYDEKRNLQCICDYCEY
447,0,Y24M,Y24M,QDKCKKVYENYPVSKCQLANQCNYDCKLLKHARSGECFYDEKRNLQCICDYCEY
448,0,Y24N,Y24N,QDKCKKVYENYPVSKCQLANQCNYDCKLLKHARSGECFYDEKRNLQCICDYCEY
449,0,Y24P,Y24P,QDKCKKVYENYPVSKCQLANQCNYDCKLLKHARSGECFYDEKRNLQCICDYCEY
450,0,Y24Q,Y24Q,QDKCKKVYENYPVSKCQLANQCNYDCKLLKHARSGECFYDEKRNLQCICDYCEY
451,0,Y24R,Y24R,QDKCKKVYENYPVSKCQLANQCNYDCKLLKHARSGECFYDEKRNLQCICDYCEY
452,0,Y24S,Y24S,QDKCKKVYENYPVSKCQLANQCNYDCKLLKHARSGECFYDEKRNLQCICDYCEY
453,0,Y24T,Y24T,QDKCKKVYENYPVSKCQLANQCNYDCKLLKHARSGECFYDEKRNLQCICDYCEY
454,0,Y24V,Y24V,QDKCKKVYENYPVSKCQLANQCNYDCKLLKHARSGECFYDEKRNLQCICDYCEY
455,0,Y24W,Y24W,QDKCKKVYENYPVSKCQLANQCNYDCKLLKHARSGECFYDEKRNLQCICDYCEY
456,0,D25A,D25A,QDKCKKVYENYPVSKCQLANQCNYDCKLLKHARSGECFYDEKRNLQCICDYCEY
457,0,D25C,D25C,QDKCKKVYENYPVSKCQLANQCNYDCKLLKHARSGECFYDEKRNLQCICDYCEY
458,0,D25E,D25E,QDKCKKVYENYPVSKCQLANQCNYDCKLLKHARSGECFYDEKRNLQCICDYCEY
459,0,D25F,D25F,QDKCKKVYENYPVSKCQLANQCNYDCKLLKHARSGECFYDEKRNLQCICDYCEY
460,0,D25G,D25G,QDKCKKVYENYPVSKCQLANQCNYDCKLLKHARSGECFYDEKRNLQCICDYCEY
461,0,D25H,D25H,QDKCKKVYENYPVSKCQLANQCNYDCKLLKHARSGECFYDEKRNLQCICDYCEY
462,0,D25I,D25I,QDKCKKVYENYPVSKCQLANQCNYDCKLLKHARSGECFYDEKRNLQCICDYCEY
463,0,D25K,D25K,QDKCKKVYENYPVSKCQLANQCNYDCKLLKHARSGECFYDEKRNLQCICDYCEY
464,0,D25L,D25L,QDKCKKVYENYPVSKCQLANQCNYDCKLLKHARSGECFYDEKRNLQCICDYCEY
465,0,D25M,D25M,QDKCKKVYENYPVSKCQLANQCNYDCKLLKHARSGECFYDEKRNLQCICDYCEY
466,0,D25N,D25N,QDKCKKVYENYPVSKCQLANQCNYDCKLLKHARSGECFYDEKRNLQCICDYCEY
467,0,D25P,D25P,QDKCKKVYENYPVSKCQLANQCNYDCKLLKHARSGECFYDEKRNLQCICDYCEY
468,0,D25Q,D25Q,QDKCKKVYENYPVSKCQLANQCNYDCKLLKHARSGECFYDEKRNLQCICDYCEY
469,0,D25R,D25R,QDKCKKVYENYPVSKCQLANQCNYDCKLLKHARSGECFYDEKRNLQCICDYCEY
470,0,D25S,D25S,QDKCKKVYENYPVSKCQLANQCNYDCKLLKHARSGECFYDEKRNLQCICDYCEY
471,0,D25T,D25T,QDKCKKVYENYPVSKCQLANQCNYDCKLLKHARSGECFYDEKRNLQCICDYCEY
472,0,D25V,D25V,QDKCKKVYENYPVSKCQLANQCNYDCKLLKHARSGECFYDEKRNLQCICDYCEY
473,0,D25W,D25W,QDKCKKVYENYPVSKCQLANQCNYDCKLLKHARSGECFYDEKRNLQCICDYCEY
474,0,D25Y,D25Y,QDKCKKVYENYPVSKCQLANQCNYDCKLLKHARSGECFYDEKRNLQCICDYCEY
475,0,C26A,C26A,QDKCKKVYENYPVSKCQLANQCNYDCKLLKHARSGECFYDEKRNLQCICDYCEY
476,0,C26D,C26D,QDKCKKVYENYPVSKCQLANQCNYDCKLLKHARSGECFYDEKRNLQCICDYCEY
477,0,C26E,C26E,QDKCKKVYENYPVSKCQLANQCNYDCKLLKHARSGECFYDEKRNLQCICDYCEY
478,0,C26F,C26F,QDKCKKVYENYPVSKCQLANQCNYDCKLLKHARSGECFYDEKRNLQCICDYCEY
479,0,C26G,C26G,QDKCKKVYENYPVSKCQLANQCNYDCKLLKHARSGECFYDEKRNLQCICDYCEY
480,0,C26H,C26H,QDKCKKVYENYPVSKCQLANQCNYDCKLLKHARSGECFYDEKRNLQCICDYCEY
481,0,C26I,C26I,QDKCKKVYENYPVSKCQLANQCNYDCKLLKHARSGECFYDEKRNLQCICDYCEY
482,0,C26K,C26K,QDKCKKVYENYPVSKCQLANQCNYDCKLLKHARSGECFYDEKRNLQCICDYCEY
483,0,C26L,C26L,QDKCKKVYENYPVSKCQLANQCNYDCKLLKHARSGECFYDEKRNLQCICDYCEY
484,0,C26M,C26M,QDKCKKVYENYPVSKCQLANQCNYDCKLLKHARSGECFYDEKRNLQCICDYCEY
485,0,C26N,C26N,QDKCKKVYENYPVSKCQLANQCNYDCKLLKHARSGECFYDEKRNLQCICDYCEY
486,0,C26P,C26P,QDKCKKVYENYPVSKCQLANQCNYDCKLLKHARSGECFYDEKRNLQCICDYCEY
487,0,C26Q,C26Q,QDKCKKVYENYPVSKCQLANQCNYDCKLLKHARSGECFYDEKRNLQCICDYCEY
488,0,C26R,C26R,QDKCKKVYENYPVSKCQLANQCNYDCKLLKHARSGECFYDEKRNLQCICDYCEY
489,0,C26S,C26S,QDKCKKVYENYPVSKCQLANQCNYDCKLLKHARSGECFYDEKRNLQCICDYCEY
490,0,C26T,C26T,QDKCKKVYENYPVSKCQLANQCNYDCKLLKHARSGECFYDEKRNLQCICDYCEY
491,0,C26V,C26V,QDKCKKVYENYPVSKCQLANQCNYDCKLLKHARSGECFYDEKRNLQCICDYCEY
492,0,C26W,C26W,QDKCKKVYENYPVSKCQLANQCNYDCKLLKHARSGECFYDEKRNLQCICDYCEY
493,0,C26Y,C26Y,QDKCKKVYENYPVSKCQLANQCNYDCKLLKHARSGECFYDEKRNLQCICDYCEY
494,0,K27A,K27A,QDKCKKVYENYPVSKCQLANQCNYDCKLLKHARSGECFYDEKRNLQCICDYCEY
495,0,K27C,K27C,QDKCKKVYENYPVSKCQLANQCNYDCKLLKHARSGECFYDEKRNLQCICDYCEY
496,0,K27D,K27D,QDKCKKVYENYPVSKCQLANQCNYDCKLLKHARSGECFYDEKRNLQCICDYCEY
497,0,K27E,K27E,QDKCKKVYENYPVSKCQLANQCNYDCKLLKHARSGECFYDEKRNLQCICDYCEY
498,0,K27F,K27F,QDKCKKVYENYPVSKCQLANQCNYDCKLLKHARSGECFYDEKRNLQCICDYCEY
499,0,K27G,K27G,QDKCKKVYENYPVSKCQLANQCNYDCKLLKHARSGECFYDEKRNLQCICDYCEY
500,0,K27H,K27H,QDKCKKVYENYPVSKCQLANQCNYDCKLLKHARSGECFYDEKRNLQCICDYCEY
501,0,K27I,K27I,QDKCKKVYENYPVSKCQLANQCNYDCKLLKHARSGECFYDEKRNLQCICDYCEY
502,0,K27L,K27L,QDKCKKVYENYPVSKCQLANQCNYDCKLLKHARSGECFYDEKRNLQCICDYCEY
503,0,K27M,K27M,QDKCKKVYENYPVSKCQLANQCNYDCKLLKHARSGECFYDEKRNLQCICDYCEY
504,0,K27N,K27N,QDKCKKVYENYPVSKCQLANQCNYDCKLLKHARSGECFYDEKRNLQCICDYCEY
505,0,K27P,K27P,QDKCKKVYENYPVSKCQLANQCNYDCKLLKHARSGECFYDEKRNLQCICDYCEY
506,0,K27Q,K27Q,QDKCKKVYENYPVSKCQLANQCNYDCKLLKHARSGECFYDEKRNLQCICDYCEY
507,0,K27R,K27R,QDKCKKVYENYPVSKCQLANQCNYDCKLLKHARSGECFYDEKRNLQCICDYCEY
508,0,K27S,K27S,QDKCKKVYENYPVSKCQLANQCNYDCKLLKHARSGECFYDEKRNLQCICDYCEY
509,0,K27T,K27T,QDKCKKVYENYPVSKCQLANQCNYDCKLLKHARSGECFYDEKRNLQCICDYCEY
510,0,K27V,K27V,QDKCKKVYENYPVSKCQLANQCNYDCKLLKHARSGECFYDEKRNLQCICDYCEY
511,0,K27W,K27W,QDKCKKVYENYPVSKCQLANQCNYDCKLLKHARSGECFYDEKRNLQCICDYCEY
512,0,K27Y,K27Y,QDKCKKVYENYPVSKCQLANQCNYDCKLLKHARSGECFYDEKRNLQCICDYCEY
513,0,L28A,L28A,QDKCKKVYENYPVSKCQLANQCNYDCKLLKHARSGECFYDEKRNLQCICDYCEY
514,0,L28C,L28C,QDKCKKVYENYPVSKCQLANQCNYDCKLLKHARSGECFYDEKRNLQCICDYCEY
515,0,L28D,L28D,QDKCKKVYENYPVSKCQLANQCNYDCKLLKHARSGECFYDEKRNLQCICDYCEY
516,0,L28E,L28E,QDKCKKVYENYPVSKCQLANQCNYDCKLLKHARSGECFYDEKRNLQCICDYCEY
517,0,L28F,L28F,QDKCKKVYENYPVSKCQLANQCNYDCKLLKHARSGECFYDEKRNLQCICDYCEY
518,0,L28G,L28G,QDKCKKVYENYPVSKCQLANQCNYDCKLLKHARSGECFYDEKRNLQCICDYCEY
519,0,L28H,L28H,QDKCKKVYENYPVSKCQLANQCNYDCKLLKHARSGECFYDEKRNLQCICDYCEY
520,0,L28I,L28I,QDKCKKVYENYPVSKCQLANQCNYDCKLLKHARSGECFYDEKRNLQCICDYCEY
521,0,L28K,L28K,QDKCKKVYENYPVSKCQLANQCNYDCKLLKHARSGECFYDEKRNLQCICDYCEY
522,0,L28M,L28M,QDKCKKVYENYPVSKCQLANQCNYDCKLLKHARSGECFYDEKRNLQCICDYCEY
523,0,L28N,L28N,QDKCKKVYENYPVSKCQLANQCNYDCKLLKHARSGECFYDEKRNLQCICDYCEY
524,0,L28P,L28P,QDKCKKVYENYPVSKCQLANQCNYDCKLLKHARSGECFYDEKRNLQCICDYCEY
525,0,L28Q,L28Q,QDKCKKVYENYPVSKCQLANQCNYDCKLLKHARSGECFYDEKRNLQCICDYCEY
526,0,L28R,L28R,QDKCKKVYENYPVSKCQLANQCNYDCKLLKHARSGECFYDEKRNLQCICDYCEY
527,0,L28S,L28S,QDKCKKVYENYPVSKCQLANQCNYDCKLLKHARSGECFYDEKRNLQCICDYCEY
528,0,L28T,L28T,QDKCKKVYENYPVSKCQLANQCNYDCKLLKHARSGECFYDEKRNLQCICDYCEY
529,0,L28V,L28V,QDKCKKVYENYPVSKCQLANQCNYDCKLLKHARSGECFYDEKRNLQCICDYCEY
530,0,L28W,L28W,QDKCKKVYENYPVSKCQLANQCNYDCKLLKHARSGECFYDEKRNLQCICDYCEY
531,0,L28Y,L28Y,QDKCKKVYENYPVSKCQLANQCNYDCKLLKHARSGECFYDEKRNLQCICDYCEY
532,0,L29A,L29A,QDKCKKVYENYPVSKCQLANQCNYDCKLLKHARSGECFYDEKRNLQCICDYCEY
533,0,L29C,L29C,QDKCKKVYENYPVSKCQLANQCNYDCKLLKHARSGECFYDEKRNLQCICDYCEY
534,0,L29D,L29D,QDKCKKVYENYPVSKCQLANQCNYDCKLLKHARSGECFYDEKRNLQCICDYCEY
535,0,L29E,L29E,QDKCKKVYENYPVSKCQLANQCNYDCKLLKHARSGECFYDEKRNLQCICDYCEY
536,0,L29F,L29F,QDKCKKVYENYPVSKCQLANQCNYDCKLLKHARSGECFYDEKRNLQCICDYCEY
537,0,L29G,L29G,QDKCKKVYENYPVSKCQLANQCNYDCKLLKHARSGECFYDEKRNLQCICDYCEY
538,0,L29H,L29H,QDKCKKVYENYPVSKCQLANQCNYDCKLLKHARSGECFYDEKRNLQCICDYCEY
539,0,L29I,L29I,QDKCKKVYENYPVSKCQLANQCNYDCKLLKHARSGECFYDEKRNLQCICDYCEY
540,0,L29K,L29K,QDKCKKVYENYPVSKCQLANQCNYDCKLLKHARSGECFYDEKRNLQCICDYCEY
541,0,L29M,L29M,QDKCKKVYENYPVSKCQLANQCNYDCKLLKHARSGECFYDEKRNLQCICDYCEY
542,0,L29N,L29N,QDKCKKVYENYPVSKCQLANQCNYDCKLLKHARSGECFYDEKRNLQCICDYCEY
543,0,L29P,L29P,QDKCKKVYENYPVSKCQLANQCNYDCKLLKHARSGECFYDEKRNLQCICDYCEY
544,0,L29Q,L29Q,QDKCKKVYENYPVSKCQLANQCNYDCKLLKHARSGECFYDEKRNLQCICDYCEY
545,0,L29R,L29R,QDKCKKVYENYPVSKCQLANQCNYDCKLLKHARSGECFYDEKRNLQCICDYCEY
546,0,L29S,L29S,QDKCKKVYENYPVSKCQLANQCNYDCKLLKHARSGECFYDEKRNLQCICDYCEY
547,0,L29T,L29T,QDKCKKVYENYPVSKCQLANQCNYDCKLLKHARSGECFYDEKRNLQCICDYCEY
548,0,L29V,L29V,QDKCKKVYENYPVSKCQLANQCNYDCKLLKHARSGECFYDEKRNLQCICDYCEY
549,0,L29W,L29W,QDKCKKVYENYPVSKCQLANQCNYDCKLLKHARSGECFYDEKRNLQCICDYCEY
550,0,L29Y,L29Y,QDKCKKVYENYPVSKCQLANQCNYDCKLLKHARSGECFYDEKRNLQCICDYCEY
551,0,K30A,K30A,QDKCKKVYENYPVSKCQLANQCNYDCKLLKHARSGECFYDEKRNLQCICDYCEY
552,0,K30C,K30C,QDKCKKVYENYPVSKCQLANQCNYDCKLLKHARSGECFYDEKRNLQCICDYCEY
553,0,K30D,K30D,QDKCKKVYENYPVSKCQLANQCNYDCKLLKHARSGECFYDEKRNLQCICDYCEY
554,0,K30E,K30E,QDKCKKVYENYPVSKCQLANQCNYDCKLLKHARSGECFYDEKRNLQCICDYCEY
555,0,K30F,K30F,QDKCKKVYENYPVSKCQLANQCNYDCKLLKHARSGECFYDEKRNLQCICDYCEY
556,0,K30G,K30G,QDKCKKVYENYPVSKCQLANQCNYDCKLLKHARSGECFYDEKRNLQCICDYCEY
557,0,K30H,K30H,QDKCKKVYENYPVSKCQLANQCNYDCKLLKHARSGECFYDEKRNLQCICDYCEY
558,0,K30I,K30I,QDKCKKVYENYPVSKCQLANQCNYDCKLLKHARSGECFYDEKRNLQCICDYCEY
559,0,K30L,K30L,QDKCKKVYENYPVSKCQLANQCNYDCKLLKHARSGECFYDEKRNLQCICDYCEY
560,0,K30M,K30M,QDKCKKVYENYPVSKCQLANQCNYDCKLLKHARSGECFYDEKRNLQCICDYCEY
561,0,K30N,K30N,QDKCKKVYENYPVSKCQLANQCNYDCKLLKHARSGECFYDEKRNLQCICDYCEY
562,0,K30P,K30P,QDKCKKVYENYPVSKCQLANQCNYDCKLLKHARSGECFYDEKRNLQCICDYCEY
563,0,K30Q,K30Q,QDKCKKVYENYPVSKCQLANQCNYDCKLLKHARSGECFYDEKRNLQCICDYCEY
564,0,K30R,K30R,QDKCKKVYENYPVSKCQLANQCNYDCKLLKHARSGECFYDEKRNLQCICDYCEY
565,0,K30S,K30S,QDKCKKVYENYPVSKCQLANQCNYDCKLLKHARSGECFYDEKRNLQCICDYCEY
566,0,K30T,K30T,QDKCKKVYENYPVSKCQLANQCNYDCKLLKHARSGECFYDEKRNLQCICDYCEY
567,0,K30V,K30V,QDKCKKVYENYPVSKCQLANQCNYDCKLLKHARSGECFYDEKRNLQCICDYCEY
568,0,K30W,K30W,QDKCKKVYENYPVSKCQLANQCNYDCKLLKHARSGECFYDEKRNLQCICDYCEY
569,0,K30Y,K30Y,QDKCKKVYENYPVSKCQLANQCNYDCKLLKHARSGECFYDEKRNLQCICDYCEY
570,0,H31A,H31A,QDKCKKVYENYPVSKCQLANQCNYDCKLLKHARSGECFYDEKRNLQCICDYCEY
571,0,H31C,H31C,QDKCKKVYENYPVSKCQLANQCNYDCKLLKHARSGECFYDEKRNLQCICDYCEY
572,0,H31D,H31D,QDKCKKVYENYPVSKCQLANQCNYDCKLLKHARSGECFYDEKRNLQCICDYCEY
573,0,H31E,H31E,QDKCKKVYENYPVSKCQLANQCNYDCKLLKHARSGECFYDEKRNLQCICDYCEY
574,0,H31F,H31F,QDKCKKVYENYPVSKCQLANQCNYDCKLLKHARSGECFYDEKRNLQCICDYCEY
575,0,H31G,H31G,QDKCKKVYENYPVSKCQLANQCNYDCKLLKHARSGECFYDEKRNLQCICDYCEY
576,0,H31I,H31I,QDKCKKVYENYPVSKCQLANQCNYDCKLLKHARSGECFYDEKRNLQCICDYCEY
577,0,H31K,H31K,QDKCKKVYENYPVSKCQLANQCNYDCKLLKHARSGECFYDEKRNLQCICDYCEY
578,0,H31L,H31L,QDKCKKVYENYPVSKCQLANQCNYDCKLLKHARSGECFYDEKRNLQCICDYCEY
579,0,H31M,H31M,QDKCKKVYENYPVSKCQLANQCNYDCKLLKHARSGECFYDEKRNLQCICDYCEY
580,0,H31N,H31N,QDKCKKVYENYPVSKCQLANQCNYDCKLLKHARSGECFYDEKRNLQCICDYCEY
581,0,H31P,H31P,QDKCKKVYENYPVSKCQLANQCNYDCKLLKHARSGECFYDEKRNLQCICDYCEY
582,0,H31Q,H31Q,QDKCKKVYENYPVSKCQLANQCNYDCKLLKHARSGECFYDEKRNLQCICDYCEY
583,0,H31R,H31R,QDKCKKVYENYPVSKCQLANQCNYDCKLLKHARSGECFYDEKRNLQCICDYCEY
584,0,H31S,H31S,QDKCKKVYENYPVSKCQLANQCNYDCKLLKHARSGECFYDEKRNLQCICDYCEY
585,0,H31T,H31T,QDKCKKVYENYPVSKCQLANQCNYDCKLLKHARSGECFYDEKRNLQCICDYCEY
586,0,H31V,H31V,QDKCKKVYENYPVSKCQLANQCNYDCKLLKHARSGECFYDEKRNLQCICDYCEY
587,0,H31W,H31W,QDKCKKVYENYPVSKCQLANQCNYDCKLLKHARSGECFYDEKRNLQCICDYCEY
588,0,H31Y,H31Y,QDKCKKVYENYPVSKCQLANQCNYDCKLLKHARSGECFYDEKRNLQCICDYCEY
589,0,A32C,A32C,QDKCKKVYENYPVSKCQLANQCNYDCKLLKHARSGECFYDEKRNLQCICDYCEY
590,0,A32D,A32D,QDKCKKVYENYPVSKCQLANQCNYDCKLLKHARSGECFYDEKRNLQCICDYCEY
591,0,A32E,A32E,QDKCKKVYENYPVSKCQLANQCNYDCKLLKHARSGECFYDEKRNLQCICDYCEY
592,0,A32F,A32F,QDKCKKVYENYPVSKCQLANQCNYDCKLLKHARSGECFYDEKRNLQCICDYCEY
593,0,A32G,A32G,QDKCKKVYENYPVSKCQLANQCNYDCKLLKHARSGECFYDEKRNLQCICDYCEY
594,0,A32H,A32H,QDKCKKVYENYPVSKCQLANQCNYDCKLLKHARSGECFYDEKRNLQCICDYCEY
595,0,A32I,A32I,QDKCKKVYENYPVSKCQLANQCNYDCKLLKHARSGECFYDEKRNLQCICDYCEY
596,0,A32K,A32K,QDKCKKVYENYPVSKCQLANQCNYDCKLLKHARSGECFYDEKRNLQCICDYCEY
597,0,A32L,A32L,QDKCKKVYENYPVSKCQLANQCNYDCKLLKHARSGECFYDEKRNLQCICDYCEY
598,0,A32M,A32M,QDKCKKVYENYPVSKCQLANQCNYDCKLLKHARSGECFYDEKRNLQCICDYCEY
599,0,A32N,A32N,QDKCKKVYENYPVSKCQLANQCNYDCKLLKHARSGECFYDEKRNLQCICDYCEY
600,0,A32P,A32P,QDKCKKVYENYPVSKCQLANQCNYDCKLLKHARSGECFYDEKRNLQCICDYCEY
601,0,A32Q,A32Q,QDKCKKVYENYPVSKCQLANQCNYDCKLLKHARSGECFYDEKRNLQCICDYCEY
602,0,A32R,A32R,QDKCKKVYENYPVSKCQLANQCNYDCKLLKHARSGECFYDEKRNLQCICDYCEY
603,0,A32S,A32S,QDKCKKVYENYPVSKCQLANQCNYDCKLLKHARSGECFYDEKRNLQCICDYCEY
604,0,A32T,A32T,QDKCKKVYENYPVSKCQLANQCNYDCKLLKHARSGECFYDEKRNLQCICDYCEY
605,0,A32V,A32V,QDKCKKVYENYPVSKCQLANQCNYDCKLLKHARSGECFYDEKRNLQCICDYCEY
606,0,A32W,A32W,QDKCKKVYENYPVSKCQLANQCNYDCKLLKHARSGECFYDEKRNLQCICDYCEY
607,0,A32Y,A32Y,QDKCKKVYENYPVSKCQLANQCNYDCKLLKHARSGECFYDEKRNLQCICDYCEY
608,0,R33A,R33A,QDKCKKVYENYPVSKCQLANQCNYDCKLLKHARSGECFYDEKRNLQCICDYCEY
609,0,R33C,R33C,QDKCKKVYENYPVSKCQLANQCNYDCKLLKHARSGECFYDEKRNLQCICDYCEY
610,0,R33D,R33D,QDKCKKVYENYPVSKCQLANQCNYDCKLLKHARSGECFYDEKRNLQCICDYCEY
611,0,R33E,R33E,QDKCKKVYENYPVSKCQLANQCNYDCKLLKHARSGECFYDEKRNLQCICDYCEY
612,0,R33F,R33F,QDKCKKVYENYPVSKCQLANQCNYDCKLLKHARSGECFYDEKRNLQCICDYCEY
613,0,R33G,R33G,QDKCKKVYENYPVSKCQLANQCNYDCKLLKHARSGECFYDEKRNLQCICDYCEY
614,0,R33H,R33H,QDKCKKVYENYPVSKCQLANQCNYDCKLLKHARSGECFYDEKRNLQCICDYCEY
615,0,R33I,R33I,QDKCKKVYENYPVSKCQLANQCNYDCKLLKHARSGECFYDEKRNLQCICDYCEY
616,0,R33K,R33K,QDKCKKVYENYPVSKCQLANQCNYDCKLLKHARSGECFYDEKRNLQCICDYCEY
617,0,R33L,R33L,QDKCKKVYENYPVSKCQLANQCNYDCKLLKHARSGECFYDEKRNLQCICDYCEY
618,0,R33M,R33M,QDKCKKVYENYPVSKCQLANQCNYDCKLLKHARSGECFYDEKRNLQCICDYCEY
619,0,R33N,R33N,QDKCKKVYENYPVSKCQLANQCNYDCKLLKHARSGECFYDEKRNLQCICDYCEY
620,0,R33P,R33P,QDKCKKVYENYPVSKCQLANQCNYDCKLLKHARSGECFYDEKRNLQCICDYCEY
621,0,R33Q,R33Q,QDKCKKVYENYPVSKCQLANQCNYDCKLLKHARSGECFYDEKRNLQCICDYCEY
622,0,R33S,R33S,QDKCKKVYENYPVSKCQLANQCNYDCKLLKHARSGECFYDEKRNLQCICDYCEY
623,0,R33T,R33T,QDKCKKVYENYPVSKCQLANQCNYDCKLLKHARSGECFYDEKRNLQCICDYCEY
624,0,R33V,R33V,QDKCKKVYENYPVSKCQLANQCNYDCKLLKHARSGECFYDEKRNLQCICDYCEY
625,0,R33W,R33W,QDKCKKVYENYPVSKCQLANQCNYDCKLLKHARSGECFYDEKRNLQCICDYCEY
626,0,R33Y,R33Y,QDKCKKVYENYPVSKCQLANQCNYDCKLLKHARSGECFYDEKRNLQCICDYCEY
627,0,S34A,S34A,QDKCKKVYENYPVSKCQLANQCNYDCKLLKHARSGECFYDEKRNLQCICDYCEY
628,0,S34C,S34C,QDKCKKVYENYPVSKCQLANQCNYDCKLLKHARSGECFYDEKRNLQCICDYCEY
629,0,S34D,S34D,QDKCKKVYENYPVSKCQLANQCNYDCKLLKHARSGECFYDEKRNLQCICDYCEY
630,0,S34E,S34E,QDKCKKVYENYPVSKCQLANQCNYDCKLLKHARSGECFYDEKRNLQCICDYCEY
631,0,S34F,S34F,QDKCKKVYENYPVSKCQLANQCNYDCKLLKHARSGECFYDEKRNLQCICDYCEY
632,0,S34G,S34G,QDKCKKVYENYPVSKCQLANQCNYDCKLLKHARSGECFYDEKRNLQCICDYCEY
633,0,S34H,S34H,QDKCKKVYENYPVSKCQLANQCNYDCKLLKHARSGECFYDEKRNLQCICDYCEY
634,0,S34I,S34I,QDKCKKVYENYPVSKCQLANQCNYDCKLLKHARSGECFYDEKRNLQCICDYCEY
635,0,S34K,S34K,QDKCKKVYENYPVSKCQLANQCNYDCKLLKHARSGECFYDEKRNLQCICDYCEY
636,0,S34L,S34L,QDKCKKVYENYPVSKCQLANQCNYDCKLLKHARSGECFYDEKRNLQCICDYCEY
637,0,S34M,S34M,QDKCKKVYENYPVSKCQLANQCNYDCKLLKHARSGECFYDEKRNLQCICDYCEY
638,0,S34N,S34N,QDKCKKVYENYPVSKCQLANQCNYDCKLLKHARSGECFYDEKRNLQCICDYCEY
639,0,S34P,S34P,QDKCKKVYENYPVSKCQLANQCNYDCKLLKHARSGECFYDEKRNLQCICDYCEY
640,0,S34Q,S34Q,QDKCKKVYENYPVSKCQLANQCNYDCKLLKHARSGECFYDEKRNLQCICDYCEY
641,0,S34R,S34R,QDKCKKVYENYPVSKCQLANQCNYDCKLLKHARSGECFYDEKRNLQCICDYCEY
642,0,S34T,S34T,QDKCKKVYENYPVSKCQLANQCNYDCKLLKHARSGECFYDEKRNLQCICDYCEY
643,0,S34V,S34V,QDKCKKVYENYPVSKCQLANQCNYDCKLLKHARSGECFYDEKRNLQCICDYCEY
644,0,S34W,S34W,QDKCKKVYENYPVSKCQLANQCNYDCKLLKHARSGECFYDEKRNLQCICDYCEY
645,0,S34Y,S34Y,QDKCKKVYENYPVSKCQLANQCNYDCKLLKHARSGECFYDEKRNLQCICDYCEY
646,0,G35A,G35A,QDKCKKVYENYPVSKCQLANQCNYDCKLLKHARSGECFYDEKRNLQCICDYCEY
647,0,G35C,G35C,QDKCKKVYENYPVSKCQLANQCNYDCKLLKHARSGECFYDEKRNLQCICDYCEY
648,0,G35D,G35D,QDKCKKVYENYPVSKCQLANQCNYDCKLLKHARSGECFYDEKRNLQCICDYCEY
649,0,G35E,G35E,QDKCKKVYENYPVSKCQLANQCNYDCKLLKHARSGECFYDEKRNLQCICDYCEY
650,0,G35F,G35F,QDKCKKVYENYPVSKCQLANQCNYDCKLLKHARSGECFYDEKRNLQCICDYCEY
651,0,G35H,G35H,QDKCKKVYENYPVSKCQLANQCNYDCKLLKHARSGECFYDEKRNLQCICDYCEY
652,0,G35I,G35I,QDKCKKVYENYPVSKCQLANQCNYDCKLLKHARSGECFYDEKRNLQCICDYCEY
653,0,G35K,G35K,QDKCKKVYENYPVSKCQLANQCNYDCKLLKHARSGECFYDEKRNLQCICDYCEY
654,0,G35L,G35L,QDKCKKVYENYPVSKCQLANQCNYDCKLLKHARSGECFYDEKRNLQCICDYCEY
655,0,G35M,G35M,QDKCKKVYENYPVSKCQLANQCNYDCKLLKHARSGECFYDEKRNLQCICDYCEY
656,0,G35N,G35N,QDKCKKVYENYPVSKCQLANQCNYDCKLLKHARSGECFYDEKRNLQCICDYCEY
657,0,G35P,G35P,QDKCKKVYENYPVSKCQLANQCNYDCKLLKHARSGECFYDEKRNLQCICDYCEY
658,0,G35Q,G35Q,QDKCKKVYENYPVSKCQLANQCNYDCKLLKHARSGECFYDEKRNLQCICDYCEY
659,0,G35R,G35R,QDKCKKVYENYPVSKCQLANQCNYDCKLLKHARSGECFYDEKRNLQCICDYCEY
660,0,G35S,G35S,QDKCKKVYENYPVSKCQLANQCNYDCKLLKHARSGECFYDEKRNLQCICDYCEY
661,0,G35T,G35T,QDKCKKVYENYPVSKCQLANQCNYDCKLLKHARSGECFYDEKRNLQCICDYCEY
662,0,G35V,G35V,QDKCKKVYENYPVSKCQLANQCNYDCKLLKHARSGECFYDEKRNLQCICDYCEY
663,0,G35W,G35W,QDKCKKVYENYPVSKCQLANQCNYDCKLLKHARSGECFYDEKRNLQCICDYCEY
664,0,G35Y,G35Y,QDKCKKVYENYPVSKCQLANQCNYDCKLLKHARSGECFYDEKRNLQCICDYCEY
665,0,E36A,E36A,QDKCKKVYENYPVSKCQLANQCNYDCKLLKHARSGECFYDEKRNLQCICDYCEY
666,0,E36C,E36C,QDKCKKVYENYPVSKCQLANQCNYDCKLLKHARSGECFYDEKRNLQCICDYCEY
667,0,E36D,E36D,QDKCKKVYENYPVSKCQLANQCNYDCKLLKHARSGECFYDEKRNLQCICDYCEY
668,0,E36F,E36F,QDKCKKVYENYPVSKCQLANQCNYDCKLLKHARSGECFYDEKRNLQCICDYCEY
669,0,E36G,E36G,QDKCKKVYENYPVSKCQLANQCNYDCKLLKHARSGECFYDEKRNLQCICDYCEY
670,0,E36H,E36H,QDKCKKVYENYPVSKCQLANQCNYDCKLLKHARSGECFYDEKRNLQCICDYCEY
671,0,E36I,E36I,QDKCKKVYENYPVSKCQLANQCNYDCKLLKHARSGECFYDEKRNLQCICDYCEY
672,0,E36K,E36K,QDKCKKVYENYPVSKCQLANQCNYDCKLLKHARSGECFYDEKRNLQCICDYCEY
673,0,E36L,E36L,QDKCKKVYENYPVSKCQLANQCNYDCKLLKHARSGECFYDEKRNLQCICDYCEY
674,0,E36M,E36M,QDKCKKVYENYPVSKCQLANQCNYDCKLLKHARSGECFYDEKRNLQCICDYCEY
675,0,E36N,E36N,QDKCKKVYENYPVSKCQLANQCNYDCKLLKHARSGECFYDEKRNLQCICDYCEY
676,0,E36P,E36P,QDKCKKVYENYPVSKCQLANQCNYDCKLLKHARSGECFYDEKRNLQCICDYCEY
677,0,E36Q,E36Q,QDKCKKVYENYPVSKCQLANQCNYDCKLLKHARSGECFYDEKRNLQCICDYCEY
678,0,E36R,E36R,QDKCKKVYENYPVSKCQLANQCNYDCKLLKHARSGECFYDEKRNLQCICDYCEY
679,0,E36S,E36S,QDKCKKVYENYPVSKCQLANQCNYDCKLLKHARSGECFYDEKRNLQCICDYCEY
680,0,E36T,E36T,QDKCKKVYENYPVSKCQLANQCNYDCKLLKHARSGECFYDEKRNLQCICDYCEY
681,0,E36V,E36V,QDKCKKVYENYPVSKCQLANQCNYDCKLLKHARSGECFYDEKRNLQCICDYCEY
682,0,E36W,E36W,QDKCKKVYENYPVSKCQLANQCNYDCKLLKHARSGECFYDEKRNLQCICDYCEY
683,0,E36Y,E36Y,QDKCKKVYENYPVSKCQLANQCNYDCKLLKHARSGECFYDEKRNLQCICDYCEY
684,0,C37A,C37A,QDKCKKVYENYPVSKCQLANQCNYDCKLLKHARSGECFYDEKRNLQCICDYCEY
685,0,C37D,C37D,QDKCKKVYENYPVSKCQLANQCNYDCKLLKHARSGECFYDEKRNLQCICDYCEY
686,0,C37E,C37E,QDKCKKVYENYPVSKCQLANQCNYDCKLLKHARSGECFYDEKRNLQCICDYCEY
687,0,C37F,C37F,QDKCKKVYENYPVSKCQLANQCNYDCKLLKHARSGECFYDEKRNLQCICDYCEY
688,0,C37G,C37G,QDKCKKVYENYPVSKCQLANQCNYDCKLLKHARSGECFYDEKRNLQCICDYCEY
689,0,C37H,C37H,QDKCKKVYENYPVSKCQLANQCNYDCKLLKHARSGECFYDEKRNLQCICDYCEY
690,0,C37I,C37I,QDKCKKVYENYPVSKCQLANQCNYDCKLLKHARSGECFYDEKRNLQCICDYCEY
691,0,C37K,C37K,QDKCKKVYENYPVSKCQLANQCNYDCKLLKHARSGECFYDEKRNLQCICDYCEY
692,0,C37L,C37L,QDKCKKVYENYPVSKCQLANQCNYDCKLLKHARSGECFYDEKRNLQCICDYCEY
693,0,C37M,C37M,QDKCKKVYENYPVSKCQLANQCNYDCKLLKHARSGECFYDEKRNLQCICDYCEY
694,0,C37N,C37N,QDKCKKVYENYPVSKCQLANQCNYDCKLLKHARSGECFYDEKRNLQCICDYCEY
695,0,C37P,C37P,QDKCKKVYENYPVSKCQLANQCNYDCKLLKHARSGECFYDEKRNLQCICDYCEY
696,0,C37Q,C37Q,QDKCKKVYENYPVSKCQLANQCNYDCKLLKHARSGECFYDEKRNLQCICDYCEY
697,0,C37R,C37R,QDKCKKVYENYPVSKCQLANQCNYDCKLLKHARSGECFYDEKRNLQCICDYCEY
698,0,C37S,C37S,QDKCKKVYENYPVSKCQLANQCNYDCKLLKHARSGECFYDEKRNLQCICDYCEY
699,0,C37T,C37T,QDKCKKVYENYPVSKCQLANQCNYDCKLLKHARSGECFYDEKRNLQCICDYCEY
700,0,C37V,C37V,QDKCKKVYENYPVSKCQLANQCNYDCKLLKHARSGECFYDEKRNLQCICDYCEY
701,0,C37W,C37W,QDKCKKVYENYPVSKCQLANQCNYDCKLLKHARSGECFYDEKRNLQCICDYCEY
702,0,C37Y,C37Y,QDKCKKVYENYPVSKCQLANQCNYDCKLLKHARSGECFYDEKRNLQCICDYCEY
703,0,F38A,F38A,QDKCKKVYENYPVSKCQLANQCNYDCKLLKHARSGECFYDEKRNLQCICDYCEY
704,0,F38C,F38C,QDKCKKVYENYPVSKCQLANQCNYDCKLLKHARSGECFYDEKRNLQCICDYCEY
705,0,F38D,F38D,QDKCKKVYENYPVSKCQLANQCNYDCKLLKHARSGECFYDEKRNLQCICDYCEY
706,0,F38E,F38E,QDKCKKVYENYPVSKCQLANQCNYDCKLLKHARSGECFYDEKRNLQCICDYCEY
707,0,F38G,F38G,QDKCKKVYENYPVSKCQLANQCNYDCKLLKHARSGECFYDEKRNLQCICDYCEY
708,0,F38H,F38H,QDKCKKVYENYPVSKCQLANQCNYDCKLLKHARSGECFYDEKRNLQCICDYCEY
709,0,F38I,F38I,QDKCKKVYENYPVSKCQLANQCNYDCKLLKHARSGECFYDEKRNLQCICDYCEY
710,0,F38K,F38K,QDKCKKVYENYPVSKCQLANQCNYDCKLLKHARSGECFYDEKRNLQCICDYCEY
711,0,F38L,F38L,QDKCKKVYENYPVSKCQLANQCNYDCKLLKHARSGECFYDEKRNLQCICDYCEY
712,0,F38M,F38M,QDKCKKVYENYPVSKCQLANQCNYDCKLLKHARSGECFYDEKRNLQCICDYCEY
713,0,F38N,F38N,QDKCKKVYENYPVSKCQLANQCNYDCKLLKHARSGECFYDEKRNLQCICDYCEY
714,0,F38P,F38P,QDKCKKVYENYPVSKCQLANQCNYDCKLLKHARSGECFYDEKRNLQCICDYCEY
715,0,F38Q,F38Q,QDKCKKVYENYPVSKCQLANQCNYDCKLLKHARSGECFYDEKRNLQCICDYCEY
716,0,F38R,F38R,QDKCKKVYENYPVSKCQLANQCNYDCKLLKHARSGECFYDEKRNLQCICDYCEY
717,0,F38S,F38S,QDKCKKVYENYPVSKCQLANQCNYDCKLLKHARSGECFYDEKRNLQCICDYCEY
718,0,F38T,F38T,QDKCKKVYENYPVSKCQLANQCNYDCKLLKHARSGECFYDEKRNLQCICDYCEY
719,0,F38V,F38V,QDKCKKVYENYPVSKCQLANQCNYDCKLLKHARSGECFYDEKRNLQCICDYCEY
720,0,F38W,F38W,QDKCKKVYENYPVSKCQLANQCNYDCKLLKHARSGECFYDEKRNLQCICDYCEY
721,0,F38Y,F38Y,QDKCKKVYENYPVSKCQLANQCNYDCKLLKHARSGECFYDEKRNLQCICDYCEY
722,0,Y39A,Y39A,QDKCKKVYENYPVSKCQLANQCNYDCKLLKHARSGECFYDEKRNLQCICDYCEY
723,0,Y39C,Y39C,QDKCKKVYENYPVSKCQLANQCNYDCKLLKHARSGECFYDEKRNLQCICDYCEY
724,0,Y39D,Y39D,QDKCKKVYENYPVSKCQLANQCNYDCKLLKHARSGECFYDEKRNLQCICDYCEY
725,0,Y39E,Y39E,QDKCKKVYENYPVSKCQLANQCNYDCKLLKHARSGECFYDEKRNLQCICDYCEY
726,0,Y39F,Y39F,QDKCKKVYENYPVSKCQLANQCNYDCKLLKHARSGECFYDEKRNLQCICDYCEY
727,0,Y39G,Y39G,QDKCKKVYENYPVSKCQLANQCNYDCKLLKHARSGECFYDEKRNLQCICDYCEY
728,0,Y39H,Y39H,QDKCKKVYENYPVSKCQLANQCNYDCKLLKHARSGECFYDEKRNLQCICDYCEY
729,0,Y39I,Y39I,QDKCKKVYENYPVSKCQLANQCNYDCKLLKHARSGECFYDEKRNLQCICDYCEY
730,0,Y39K,Y39K,QDKCKKVYENYPVSKCQLANQCNYDCKLLKHARSGECFYDEKRNLQCICDYCEY
731,0,Y39L,Y39L,QDKCKKVYENYPVSKCQLANQCNYDCKLLKHARSGECFYDEKRNLQCICDYCEY
732,0,Y39M,Y39M,QDKCKKVYENYPVSKCQLANQCNYDCKLLKHARSGECFYDEKRNLQCICDYCEY
733,0,Y39N,Y39N,QDKCKKVYENYPVSKCQLANQCNYDCKLLKHARSGECFYDEKRNLQCICDYCEY
734,0,Y39P,Y39P,QDKCKKVYENYPVSKCQLANQCNYDCKLLKHARSGECFYDEKRNLQCICDYCEY
735,0,Y39Q,Y39Q,QDKCKKVYENYPVSKCQLANQCNYDCKLLKHARSGECFYDEKRNLQCICDYCEY
736,0,Y39R,Y39R,QDKCKKVYENYPVSKCQLANQCNYDCKLLKHARSGECFYDEKRNLQCICDYCEY
737,0,Y39S,Y39S,QDKCKKVYENYPVSKCQLANQCNYDCKLLKHARSGECFYDEKRNLQCICDYCEY
738,0,Y39T,Y39T,QDKCKKVYENYPVSKCQLANQCNYDCKLLKHARSGECFYDEKRNLQCICDYCEY
739,0,Y39V,Y39V,QDKCKKVYENYPVSKCQLANQCNYDCKLLKHARSGECFYDEKRNLQCICDYCEY
740,0,Y39W,Y39W,QDKCKKVYENYPVSKCQLANQCNYDCKLLKHARSGECFYDEKRNLQCICDYCEY
741,0,D40A,D40A,QDKCKKVYENYPVSKCQLANQCNYDCKLLKHARSGECFYDEKRNLQCICDYCEY
742,0,D40C,D40C,QDKCKKVYENYPVSKCQLANQCNYDCKLLKHARSGECFYDEKRNLQCICDYCEY
743,0,D40E,D40E,QDKCKKVYENYPVSKCQLANQCNYDCKLLKHARSGECFYDEKRNLQCICDYCEY
744,0,D40F,D40F,QDKCKKVYENYPVSKCQLANQCNYDCKLLKHARSGECFYDEKRNLQCICDYCEY
745,0,D40G,D40G,QDKCKKVYENYPVSKCQLANQCNYDCKLLKHARSGECFYDEKRNLQCICDYCEY
746,0,D40H,D40H,QDKCKKVYENYPVSKCQLANQCNYDCKLLKHARSGECFYDEKRNLQCICDYCEY
747,0,D40I,D40I,QDKCKKVYENYPVSKCQLANQCNYDCKLLKHARSGECFYDEKRNLQCICDYCEY
748,0,D40K,D40K,QDKCKKVYENYPVSKCQLANQCNYDCKLLKHARSGECFYDEKRNLQCICDYCEY
749,0,D40L,D40L,QDKCKKVYENYPVSKCQLANQCNYDCKLLKHARSGECFYDEKRNLQCICDYCEY
750,0,D40M,D40M,QDKCKKVYENYPVSKCQLANQCNYDCKLLKHARSGECFYDEKRNLQCICDYCEY
751,0,D40N,D40N,QDKCKKVYENYPVSKCQLANQCNYDCKLLKHARSGECFYDEKRNLQCICDYCEY
752,0,D40P,D40P,QDKCKKVYENYPVSKCQLANQCNYDCKLLKHARSGECFYDEKRNLQCICDYCEY
753,0,D40Q,D40Q,QDKCKKVYENYPVSKCQLANQCNYDCKLLKHARSGECFYDEKRNLQCICDYCEY
754,0,D40R,D40R,QDKCKKVYENYPVSKCQLANQCNYDCKLLKHARSGECFYDEKRNLQCICDYCEY
755,0,D40S,D40S,QDKCKKVYENYPVSKCQLANQCNYDCKLLKHARSGECFYDEKRNLQCICDYCEY
756,0,D40T,D40T,QDKCKKVYENYPVSKCQLANQCNYDCKLLKHARSGECFYDEKRNLQCICDYCEY
757,0,D40V,D40V,QDKCKKVYENYPVSKCQLANQCNYDCKLLKHARSGECFYDEKRNLQCICDYCEY
758,0,D40W,D40W,QDKCKKVYENYPVSKCQLANQCNYDCKLLKHARSGECFYDEKRNLQCICDYCEY
759,0,D40Y,D40Y,QDKCKKVYENYPVSKCQLANQCNYDCKLLKHARSGECFYDEKRNLQCICDYCEY
760,0,E41A,E41A,QDKCKKVYENYPVSKCQLANQCNYDCKLLKHARSGECFYDEKRNLQCICDYCEY
761,0,E41C,E41C,QDKCKKVYENYPVSKCQLANQCNYDCKLLKHARSGECFYDEKRNLQCICDYCEY
762,0,E41D,E41D,QDKCKKVYENYPVSKCQLANQCNYDCKLLKHARSGECFYDEKRNLQCICDYCEY
763,0,E41F,E41F,QDKCKKVYENYPVSKCQLANQCNYDCKLLKHARSGECFYDEKRNLQCICDYCEY
764,0,E41G,E41G,QDKCKKVYENYPVSKCQLANQCNYDCKLLKHARSGECFYDEKRNLQCICDYCEY
765,0,E41H,E41H,QDKCKKVYENYPVSKCQLANQCNYDCKLLKHARSGECFYDEKRNLQCICDYCEY
766,0,E41I,E41I,QDKCKKVYENYPVSKCQLANQCNYDCKLLKHARSGECFYDEKRNLQCICDYCEY
767,0,E41K,E41K,QDKCKKVYENYPVSKCQLANQCNYDCKLLKHARSGECFYDEKRNLQCICDYCEY
768,0,E41L,E41L,QDKCKKVYENYPVSKCQLANQCNYDCKLLKHARSGECFYDEKRNLQCICDYCEY
769,0,E41M,E41M,QDKCKKVYENYPVSKCQLANQCNYDCKLLKHARSGECFYDEKRNLQCICDYCEY
770,0,E41N,E41N,QDKCKKVYENYPVSKCQLANQCNYDCKLLKHARSGECFYDEKRNLQCICDYCEY
771,0,E41P,E41P,QDKCKKVYENYPVSKCQLANQCNYDCKLLKHARSGECFYDEKRNLQCICDYCEY
772,0,E41Q,E41Q,QDKCKKVYENYPVSKCQLANQCNYDCKLLKHARSGECFYDEKRNLQCICDYCEY
773,0,E41R,E41R,QDKCKKVYENYPVSKCQLANQCNYDCKLLKHARSGECFYDEKRNLQCICDYCEY
774,0,E41S,E41S,QDKCKKVYENYPVSKCQLANQCNYDCKLLKHARSGECFYDEKRNLQCICDYCEY
775,0,E41T,E41T,QDKCKKVYENYPVSKCQLANQCNYDCKLLKHARSGECFYDEKRNLQCICDYCEY
776,0,E41V,E41V,QDKCKKVYENYPVSKCQLANQCNYDCKLLKHARSGECFYDEKRNLQCICDYCEY
777,0,E41W,E41W,QDKCKKVYENYPVSKCQLANQCNYDCKLLKHARSGECFYDEKRNLQCICDYCEY
778,0,E41Y,E41Y,QDKCKKVYENYPVSKCQLANQCNYDCKLLKHARSGECFYDEKRNLQCICDYCEY
779,0,K42A,K42A,QDKCKKVYENYPVSKCQLANQCNYDCKLLKHARSGECFYDEKRNLQCICDYCEY
780,0,K42C,K42C,QDKCKKVYENYPVSKCQLANQCNYDCKLLKHARSGECFYDEKRNLQCICDYCEY
781,0,K42D,K42D,QDKCKKVYENYPVSKCQLANQCNYDCKLLKHARSGECFYDEKRNLQCICDYCEY
782,0,K42E,K42E,QDKCKKVYENYPVSKCQLANQCNYDCKLLKHARSGECFYDEKRNLQCICDYCEY
783,0,K42F,K42F,QDKCKKVYENYPVSKCQLANQCNYDCKLLKHARSGECFYDEKRNLQCICDYCEY
784,0,K42G,K42G,QDKCKKVYENYPVSKCQLANQCNYDCKLLKHARSGECFYDEKRNLQCICDYCEY
785,0,K42H,K42H,QDKCKKVYENYPVSKCQLANQCNYDCKLLKHARSGECFYDEKRNLQCICDYCEY
786,0,K42I,K42I,QDKCKKVYENYPVSKCQLANQCNYDCKLLKHARSGECFYDEKRNLQCICDYCEY
787,0,K42L,K42L,QDKCKKVYENYPVSKCQLANQCNYDCKLLKHARSGECFYDEKRNLQCICDYCEY
788,0,K42M,K42M,QDKCKKVYENYPVSKCQLANQCNYDCKLLKHARSGECFYDEKRNLQCICDYCEY
789,0,K42N,K42N,QDKCKKVYENYPVSKCQLANQCNYDCKLLKHARSGECFYDEKRNLQCICDYCEY
790,0,K42P,K42P,QDKCKKVYENYPVSKCQLANQCNYDCKLLKHARSGECFYDEKRNLQCICDYCEY
791,0,K42Q,K42Q,QDKCKKVYENYPVSKCQLANQCNYDCKLLKHARSGECFYDEKRNLQCICDYCEY
792,0,K42R,K42R,QDKCKKVYENYPVSKCQLANQCNYDCKLLKHARSGECFYDEKRNLQCICDYCEY
793,0,K42S,K42S,QDKCKKVYENYPVSKCQLANQCNYDCKLLKHARSGECFYDEKRNLQCICDYCEY
794,0,K42T,K42T,QDKCKKVYENYPVSKCQLANQCNYDCKLLKHARSGECFYDEKRNLQCICDYCEY
795,0,K42V,K42V,QDKCKKVYENYPVSKCQLANQCNYDCKLLKHARSGECFYDEKRNLQCICDYCEY
796,0,K42W,K42W,QDKCKKVYENYPVSKCQLANQCNYDCKLLKHARSGECFYDEKRNLQCICDYCEY
797,0,K42Y,K42Y,QDKCKKVYENYPVSKCQLANQCNYDCKLLKHARSGECFYDEKRNLQCICDYCEY
798,0,R43A,R43A,QDKCKKVYENYPVSKCQLANQCNYDCKLLKHARSGECFYDEKRNLQCICDYCEY
799,0,R43C,R43C,QDKCKKVYENYPVSKCQLANQCNYDCKLLKHARSGECFYDEKRNLQCICDYCEY
800,0,R43D,R43D,QDKCKKVYENYPVSKCQLANQCNYDCKLLKHARSGECFYDEKRNLQCICDYCEY
801,0,R43E,R43E,QDKCKKVYENYPVSKCQLANQCNYDCKLLKHARSGECFYDEKRNLQCICDYCEY
802,0,R43F,R43F,QDKCKKVYENYPVSKCQLANQCNYDCKLLKHARSGECFYDEKRNLQCICDYCEY
803,0,R43G,R43G,QDKCKKVYENYPVSKCQLANQCNYDCKLLKHARSGECFYDEKRNLQCICDYCEY
804,0,R43H,R43H,QDKCKKVYENYPVSKCQLANQCNYDCKLLKHARSGECFYDEKRNLQCICDYCEY
805,0,R43I,R43I,QDKCKKVYENYPVSKCQLANQCNYDCKLLKHARSGECFYDEKRNLQCICDYCEY
806,0,R43K,R43K,QDKCKKVYENYPVSKCQLANQCNYDCKLLKHARSGECFYDEKRNLQCICDYCEY
807,0,R43L,R43L,QDKCKKVYENYPVSKCQLANQCNYDCKLLKHARSGECFYDEKRNLQCICDYCEY
808,0,R43M,R43M,QDKCKKVYENYPVSKCQLANQCNYDCKLLKHARSGECFYDEKRNLQCICDYCEY
809,0,R43N,R43N,QDKCKKVYENYPVSKCQLANQCNYDCKLLKHARSGECFYDEKRNLQCICDYCEY
810,0,R43P,R43P,QDKCKKVYENYPVSKCQLANQCNYDCKLLKHARSGECFYDEKRNLQCICDYCEY
811,0,R43Q,R43Q,QDKCKKVYENYPVSKCQLANQCNYDCKLLKHARSGECFYDEKRNLQCICDYCEY
812,0,R43S,R43S,QDKCKKVYENYPVSKCQLANQCNYDCKLLKHARSGECFYDEKRNLQCICDYCEY
813,0,R43T,R43T,QDKCKKVYENYPVSKCQLANQCNYDCKLLKHARSGECFYDEKRNLQCICDYCEY
814,0,R43V,R43V,QDKCKKVYENYPVSKCQLANQCNYDCKLLKHARSGECFYDEKRNLQCICDYCEY
815,0,R43W,R43W,QDKCKKVYENYPVSKCQLANQCNYDCKLLKHARSGECFYDEKRNLQCICDYCEY
816,0,R43Y,R43Y,QDKCKKVYENYPVSKCQLANQCNYDCKLLKHARSGECFYDEKRNLQCICDYCEY
817,0,N44A,N44A,QDKCKKVYENYPVSKCQLANQCNYDCKLLKHARSGECFYDEKRNLQCICDYCEY
818,0,N44C,N44C,QDKCKKVYENYPVSKCQLANQCNYDCKLLKHARSGECFYDEKRNLQCICDYCEY
819,0,N44D,N44D,QDKCKKVYENYPVSKCQLANQCNYDCKLLKHARSGECFYDEKRNLQCICDYCEY
820,0,N44E,N44E,QDKCKKVYENYPVSKCQLANQCNYDCKLLKHARSGECFYDEKRNLQCICDYCEY
821,0,N44F,N44F,QDKCKKVYENYPVSKCQLANQCNYDCKLLKHARSGECFYDEKRNLQCICDYCEY
822,0,N44G,N44G,QDKCKKVYENYPVSKCQLANQCNYDCKLLKHARSGECFYDEKRNLQCICDYCEY
823,0,N44H,N44H,QDKCKKVYENYPVSKCQLANQCNYDCKLLKHARSGECFYDEKRNLQCICDYCEY
824,0,N44I,N44I,QDKCKKVYENYPVSKCQLANQCNYDCKLLKHARSGECFYDEKRNLQCICDYCEY
825,0,N44K,N44K,QDKCKKVYENYPVSKCQLANQCNYDCKLLKHARSGECFYDEKRNLQCICDYCEY
826,0,N44L,N44L,QDKCKKVYENYPVSKCQLANQCNYDCKLLKHARSGECFYDEKRNLQCICDYCEY
827,0,N44M,N44M,QDKCKKVYENYPVSKCQLANQCNYDCKLLKHARSGECFYDEKRNLQCICDYCEY
828,0,N44P,N44P,QDKCKKVYENYPVSKCQLANQCNYDCKLLKHARSGECFYDEKRNLQCICDYCEY
829,0,N44Q,N44Q,QDKCKKVYENYPVSKCQLANQCNYDCKLLKHARSGECFYDEKRNLQCICDYCEY
830,0,N44R,N44R,QDKCKKVYENYPVSKCQLANQCNYDCKLLKHARSGECFYDEKRNLQCICDYCEY
831,0,N44S,N44S,QDKCKKVYENYPVSKCQLANQCNYDCKLLKHARSGECFYDEKRNLQCICDYCEY
832,0,N44T,N44T,QDKCKKVYENYPVSKCQLANQCNYDCKLLKHARSGECFYDEKRNLQCICDYCEY
833,0,N44V,N44V,QDKCKKVYENYPVSKCQLANQCNYDCKLLKHARSGECFYDEKRNLQCICDYCEY
834,0,N44W,N44W,QDKCKKVYENYPVSKCQLANQCNYDCKLLKHARSGECFYDEKRNLQCICDYCEY
835,0,N44Y,N44Y,QDKCKKVYENYPVSKCQLANQCNYDCKLLKHARSGECFYDEKRNLQCICDYCEY
836,0,L45A,L45A,QDKCKKVYENYPVSKCQLANQCNYDCKLLKHARSGECFYDEKRNLQCICDYCEY
837,0,L45C,L45C,QDKCKKVYENYPVSKCQLANQCNYDCKLLKHARSGECFYDEKRNLQCICDYCEY
838,0,L45D,L45D,QDKCKKVYENYPVSKCQLANQCNYDCKLLKHARSGECFYDEKRNLQCICDYCEY
839,0,L45E,L45E,QDKCKKVYENYPVSKCQLANQCNYDCKLLKHARSGECFYDEKRNLQCICDYCEY
840,0,L45F,L45F,QDKCKKVYENYPVSKCQLANQCNYDCKLLKHARSGECFYDEKRNLQCICDYCEY
841,0,L45G,L45G,QDKCKKVYENYPVSKCQLANQCNYDCKLLKHARSGECFYDEKRNLQCICDYCEY
842,0,L45H,L45H,QDKCKKVYENYPVSKCQLANQCNYDCKLLKHARSGECFYDEKRNLQCICDYCEY
843,0,L45I,L45I,QDKCKKVYENYPVSKCQLANQCNYDCKLLKHARSGECFYDEKRNLQCICDYCEY
844,0,L45K,L45K,QDKCKKVYENYPVSKCQLANQCNYDCKLLKHARSGECFYDEKRNLQCICDYCEY
845,0,L45M,L45M,QDKCKKVYENYPVSKCQLANQCNYDCKLLKHARSGECFYDEKRNLQCICDYCEY
846,0,L45N,L45N,QDKCKKVYENYPVSKCQLANQCNYDCKLLKHARSGECFYDEKRNLQCICDYCEY
847,0,L45P,L45P,QDKCKKVYENYPVSKCQLANQCNYDCKLLKHARSGECFYDEKRNLQCICDYCEY
848,0,L45Q,L45Q,QDKCKKVYENYPVSKCQLANQCNYDCKLLKHARSGECFYDEKRNLQCICDYCEY
849,0,L45R,L45R,QDKCKKVYENYPVSKCQLANQCNYDCKLLKHARSGECFYDEKRNLQCICDYCEY
850,0,L45S,L45S,QDKCKKVYENYPVSKCQLANQCNYDCKLLKHARSGECFYDEKRNLQCICDYCEY
851,0,L45T,L45T,QDKCKKVYENYPVSKCQLANQCNYDCKLLKHARSGECFYDEKRNLQCICDYCEY
852,0,L45V,L45V,QDKCKKVYENYPVSKCQLANQCNYDCKLLKHARSGECFYDEKRNLQCICDYCEY
853,0,L45W,L45W,QDKCKKVYENYPVSKCQLANQCNYDCKLLKHARSGECFYDEKRNLQCICDYCEY
854,0,L45Y,L45Y,QDKCKKVYENYPVSKCQLANQCNYDCKLLKHARSGECFYDEKRNLQCICDYCEY
855,0,Q46A,Q46A,QDKCKKVYENYPVSKCQLANQCNYDCKLLKHARSGECFYDEKRNLQCICDYCEY
856,0,Q46C,Q46C,QDKCKKVYENYPVSKCQLANQCNYDCKLLKHARSGECFYDEKRNLQCICDYCEY
857,0,Q46D,Q46D,QDKCKKVYENYPVSKCQLANQCNYDCKLLKHARSGECFYDEKRNLQCICDYCEY
858,0,Q46E,Q46E,QDKCKKVYENYPVSKCQLANQCNYDCKLLKHARSGECFYDEKRNLQCICDYCEY
859,0,Q46F,Q46F,QDKCKKVYENYPVSKCQLANQCNYDCKLLKHARSGECFYDEKRNLQCICDYCEY
860,0,Q46G,Q46G,QDKCKKVYENYPVSKCQLANQCNYDCKLLKHARSGECFYDEKRNLQCICDYCEY
861,0,Q46H,Q46H,QDKCKKVYENYPVSKCQLANQCNYDCKLLKHARSGECFYDEKRNLQCICDYCEY
862,0,Q46I,Q46I,QDKCKKVYENYPVSKCQLANQCNYDCKLLKHARSGECFYDEKRNLQCICDYCEY
863,0,Q46K,Q46K,QDKCKKVYENYPVSKCQLANQCNYDCKLLKHARSGECFYDEKRNLQCICDYCEY
864,0,Q46L,Q46L,QDKCKKVYENYPVSKCQLANQCNYDCKLLKHARSGECFYDEKRNLQCICDYCEY
865,0,Q46M,Q46M,QDKCKKVYENYPVSKCQLANQCNYDCKLLKHARSGECFYDEKRNLQCICDYCEY
866,0,Q46N,Q46N,QDKCKKVYENYPVSKCQLANQCNYDCKLLKHARSGECFYDEKRNLQCICDYCEY
867,0,Q46P,Q46P,QDKCKKVYENYPVSKCQLANQCNYDCKLLKHARSGECFYDEKRNLQCICDYCEY
868,0,Q46R,Q46R,QDKCKKVYENYPVSKCQLANQCNYDCKLLKHARSGECFYDEKRNLQCICDYCEY
869,0,Q46S,Q46S,QDKCKKVYENYPVSKCQLANQCNYDCKLLKHARSGECFYDEKRNLQCICDYCEY
870,0,Q46T,Q46T,QDKCKKVYENYPVSKCQLANQCNYDCKLLKHARSGECFYDEKRNLQCICDYCEY
871,0,Q46V,Q46V,QDKCKKVYENYPVSKCQLANQCNYDCKLLKHARSGECFYDEKRNLQCICDYCEY
872,0,Q46W,Q46W,QDKCKKVYENYPVSKCQLANQCNYDCKLLKHARSGECFYDEKRNLQCICDYCEY
873,0,Q46Y,Q46Y,QDKCKKVYENYPVSKCQLANQCNYDCKLLKHARSGECFYDEKRNLQCICDYCEY
874,0,C47A,C47A,QDKCKKVYENYPVSKCQLANQCNYDCKLLKHARSGECFYDEKRNLQCICDYCEY
875,0,C47D,C47D,QDKCKKVYENYPVSKCQLANQCNYDCKLLKHARSGECFYDEKRNLQCICDYCEY
876,0,C47E,C47E,QDKCKKVYENYPVSKCQLANQCNYDCKLLKHARSGECFYDEKRNLQCICDYCEY
877,0,C47F,C47F,QDKCKKVYENYPVSKCQLANQCNYDCKLLKHARSGECFYDEKRNLQCICDYCEY
878,0,C47G,C47G,QDKCKKVYENYPVSKCQLANQCNYDCKLLKHARSGECFYDEKRNLQCICDYCEY
879,0,C47H,C47H,QDKCKKVYENYPVSKCQLANQCNYDCKLLKHARSGECFYDEKRNLQCICDYCEY
880,0,C47I,C47I,QDKCKKVYENYPVSKCQLANQCNYDCKLLKHARSGECFYDEKRNLQCICDYCEY
881,0,C47K,C47K,QDKCKKVYENYPVSKCQLANQCNYDCKLLKHARSGECFYDEKRNLQCICDYCEY
882,0,C47L,C47L,QDKCKKVYENYPVSKCQLANQCNYDCKLLKHARSGECFYDEKRNLQCICDYCEY
883,0,C47M,C47M,QDKCKKVYENYPVSKCQLANQCNYDCKLLKHARSGECFYDEKRNLQCICDYCEY
884,0,C47N,C47N,QDKCKKVYENYPVSKCQLANQCNYDCKLLKHARSGECFYDEKRNLQCICDYCEY
885,0,C47P,C47P,QDKCKKVYENYPVSKCQLANQCNYDCKLLKHARSGECFYDEKRNLQCICDYCEY
886,0,C47Q,C47Q,QDKCKKVYENYPVSKCQLANQCNYDCKLLKHARSGECFYDEKRNLQCICDYCEY
887,0,C47R,C47R,QDKCKKVYENYPVSKCQLANQCNYDCKLLKHARSGECFYDEKRNLQCICDYCEY
888,0,C47S,C47S,QDKCKKVYENYPVSKCQLANQCNYDCKLLKHARSGECFYDEKRNLQCICDYCEY
889,0,C47T,C47T,QDKCKKVYENYPVSKCQLANQCNYDCKLLKHARSGECFYDEKRNLQCICDYCEY
890,0,C47V,C47V,QDKCKKVYENYPVSKCQLANQCNYDCKLLKHARSGECFYDEKRNLQCICDYCEY
891,0,C47W,C47W,QDKCKKVYENYPVSKCQLANQCNYDCKLLKHARSGECFYDEKRNLQCICDYCEY
892,0,C47Y,C47Y,QDKCKKVYENYPVSKCQLANQCNYDCKLLKHARSGECFYDEKRNLQCICDYCEY
893,0,I48A,I48A,QDKCKKVYENYPVSKCQLANQCNYDCKLLKHARSGECFYDEKRNLQCICDYCEY
894,0,I48C,I48C,QDKCKKVYENYPVSKCQLANQCNYDCKLLKHARSGECFYDEKRNLQCICDYCEY
895,0,I48D,I48D,QDKCKKVYENYPVSKCQLANQCNYDCKLLKHARSGECFYDEKRNLQCICDYCEY
896,0,I48E,I48E,QDKCKKVYENYPVSKCQLANQCNYDCKLLKHARSGECFYDEKRNLQCICDYCEY
897,0,I48F,I48F,QDKCKKVYENYPVSKCQLANQCNYDCKLLKHARSGECFYDEKRNLQCICDYCEY
898,0,I48G,I48G,QDKCKKVYENYPVSKCQLANQCNYDCKLLKHARSGECFYDEKRNLQCICDYCEY
899,0,I48H,I48H,QDKCKKVYENYPVSKCQLANQCNYDCKLLKHARSGECFYDEKRNLQCICDYCEY
900,0,I48K,I48K,QDKCKKVYENYPVSKCQLANQCNYDCKLLKHARSGECFYDEKRNLQCICDYCEY
901,0,I48L,I48L,QDKCKKVYENYPVSKCQLANQCNYDCKLLKHARSGECFYDEKRNLQCICDYCEY
902,0,I48M,I48M,QDKCKKVYENYPVSKCQLANQCNYDCKLLKHARSGECFYDEKRNLQCICDYCEY
903,0,I48N,I48N,QDKCKKVYENYPVSKCQLANQCNYDCKLLKHARSGECFYDEKRNLQCICDYCEY
904,0,I48P,I48P,QDKCKKVYENYPVSKCQLANQCNYDCKLLKHARSGECFYDEKRNLQCICDYCEY
905,0,I48Q,I48Q,QDKCKKVYENYPVSKCQLANQCNYDCKLLKHARSGECFYDEKRNLQCICDYCEY
906,0,I48R,I48R,QDKCKKVYENYPVSKCQLANQCNYDCKLLKHARSGECFYDEKRNLQCICDYCEY
907,0,I48S,I48S,QDKCKKVYENYPVSKCQLANQCNYDCKLLKHARSGECFYDEKRNLQCICDYCEY
908,0,I48T,I48T,QDKCKKVYENYPVSKCQLANQCNYDCKLLKHARSGECFYDEKRNLQCICDYCEY
909,0,I48V,I48V,QDKCKKVYENYPVSKCQLANQCNYDCKLLKHARSGECFYDEKRNLQCICDYCEY
910,0,I48W,I48W,QDKCKKVYENYPVSKCQLANQCNYDCKLLKHARSGECFYDEKRNLQCICDYCEY
911,0,I48Y,I48Y,QDKCKKVYENYPVSKCQLANQCNYDCKLLKHARSGECFYDEKRNLQCICDYCEY
912,0,C49A,C49A,QDKCKKVYENYPVSKCQLANQCNYDCKLLKHARSGECFYDEKRNLQCICDYCEY
913,0,C49D,C49D,QDKCKKVYENYPVSKCQLANQCNYDCKLLKHARSGECFYDEKRNLQCICDYCEY
914,0,C49E,C49E,QDKCKKVYENYPVSKCQLANQCNYDCKLLKHARSGECFYDEKRNLQCICDYCEY
915,0,C49F,C49F,QDKCKKVYENYPVSKCQLANQCNYDCKLLKHARSGECFYDEKRNLQCICDYCEY
916,0,C49G,C49G,QDKCKKVYENYPVSKCQLANQCNYDCKLLKHARSGECFYDEKRNLQCICDYCEY
917,0,C49H,C49H,QDKCKKVYENYPVSKCQLANQCNYDCKLLKHARSGECFYDEKRNLQCICDYCEY
918,0,C49I,C49I,QDKCKKVYENYPVSKCQLANQCNYDCKLLKHARSGECFYDEKRNLQCICDYCEY
919,0,C49K,C49K,QDKCKKVYENYPVSKCQLANQCNYDCKLLKHARSGECFYDEKRNLQCICDYCEY
920,0,C49L,C49L,QDKCKKVYENYPVSKCQLANQCNYDCKLLKHARSGECFYDEKRNLQCICDYCEY
921,0,C49M,C49M,QDKCKKVYENYPVSKCQLANQCNYDCKLLKHARSGECFYDEKRNLQCICDYCEY
922,0,C49N,C49N,QDKCKKVYENYPVSKCQLANQCNYDCKLLKHARSGECFYDEKRNLQCICDYCEY
923,0,C49P,C49P,QDKCKKVYENYPVSKCQLANQCNYDCKLLKHARSGECFYDEKRNLQCICDYCEY
924,0,C49Q,C49Q,QDKCKKVYENYPVSKCQLANQCNYDCKLLKHARSGECFYDEKRNLQCICDYCEY
925,0,C49R,C49R,QDKCKKVYENYPVSKCQLANQCNYDCKLLKHARSGECFYDEKRNLQCICDYCEY
926,0,C49S,C49S,QDKCKKVYENYPVSKCQLANQCNYDCKLLKHARSGECFYDEKRNLQCICDYCEY
927,0,C49T,C49T,QDKCKKVYENYPVSKCQLANQCNYDCKLLKHARSGECFYDEKRNLQCICDYCEY
928,0,C49V,C49V,QDKCKKVYENYPVSKCQLANQCNYDCKLLKHARSGECFYDEKRNLQCICDYCEY
929,0,C49W,C49W,QDKCKKVYENYPVSKCQLANQCNYDCKLLKHARSGECFYDEKRNLQCICDYCEY
930,0,C49Y,C49Y,QDKCKKVYENYPVSKCQLANQCNYDCKLLKHARSGECFYDEKRNLQCICDYCEY
931,0,D50A,D50A,QDKCKKVYENYPVSKCQLANQCNYDCKLLKHARSGECFYDEKRNLQCICDYCEY
932,0,D50C,D50C,QDKCKKVYENYPVSKCQLANQCNYDCKLLKHARSGECFYDEKRNLQCICDYCEY
933,0,D50E,D50E,QDKCKKVYENYPVSKCQLANQCNYDCKLLKHARSGECFYDEKRNLQCICDYCEY
934,0,D50F,D50F,QDKCKKVYENYPVSKCQLANQCNYDCKLLKHARSGECFYDEKRNLQCICDYCEY
935,0,D50G,D50G,QDKCKKVYENYPVSKCQLANQCNYDCKLLKHARSGECFYDEKRNLQCICDYCEY
936,0,D50H,D50H,QDKCKKVYENYPVSKCQLANQCNYDCKLLKHARSGECFYDEKRNLQCICDYCEY
937,0,D50I,D50I,QDKCKKVYENYPVSKCQLANQCNYDCKLLKHARSGECFYDEKRNLQCICDYCEY
938,0,D50K,D50K,QDKCKKVYENYPVSKCQLANQCNYDCKLLKHARSGECFYDEKRNLQCICDYCEY
939,0,D50L,D50L,QDKCKKVYENYPVSKCQLANQCNYDCKLLKHARSGECFYDEKRNLQCICDYCEY
940,0,D50M,D50M,QDKCKKVYENYPVSKCQLANQCNYDCKLLKHARSGECFYDEKRNLQCICDYCEY
941,0,D50N,D50N,QDKCKKVYENYPVSKCQLANQCNYDCKLLKHARSGECFYDEKRNLQCICDYCEY
942,0,D50P,D50P,QDKCKKVYENYPVSKCQLANQCNYDCKLLKHARSGECFYDEKRNLQCICDYCEY
943,0,D50Q,D50Q,QDKCKKVYENYPVSKCQLANQCNYDCKLLKHARSGECFYDEKRNLQCICDYCEY
944,0,D50R,D50R,QDKCKKVYENYPVSKCQLANQCNYDCKLLKHARSGECFYDEKRNLQCICDYCEY
945,0,D50S,D50S,QDKCKKVYENYPVSKCQLANQCNYDCKLLKHARSGECFYDEKRNLQCICDYCEY
946,0,D50T,D50T,QDKCKKVYENYPVSKCQLANQCNYDCKLLKHARSGECFYDEKRNLQCICDYCEY
947,0,D50V,D50V,QDKCKKVYENYPVSKCQLANQCNYDCKLLKHARSGECFYDEKRNLQCICDYCEY
948,0,D50W,D50W,QDKCKKVYENYPVSKCQLANQCNYDCKLLKHARSGECFYDEKRNLQCICDYCEY
949,0,D50Y,D50Y,QDKCKKVYENYPVSKCQLANQCNYDCKLLKHARSGECFYDEKRNLQCICDYCEY
950,0,Y51A,Y51A,QDKCKKVYENYPVSKCQLANQCNYDCKLLKHARSGECFYDEKRNLQCICDYCEY
951,0,Y51C,Y51C,QDKCKKVYENYPVSKCQLANQCNYDCKLLKHARSGECFYDEKRNLQCICDYCEY
952,0,Y51D,Y51D,QDKCKKVYENYPVSKCQLANQCNYDCKLLKHARSGECFYDEKRNLQCICDYCEY
953,0,Y51E,Y51E,QDKCKKVYENYPVSKCQLANQCNYDCKLLKHARSGECFYDEKRNLQCICDYCEY
954,0,Y51F,Y51F,QDKCKKVYENYPVSKCQLANQCNYDCKLLKHARSGECFYDEKRNLQCICDYCEY
955,0,Y51G,Y51G,QDKCKKVYENYPVSKCQLANQCNYDCKLLKHARSGECFYDEKRNLQCICDYCEY
956,0,Y51H,Y51H,QDKCKKVYENYPVSKCQLANQCNYDCKLLKHARSGECFYDEKRNLQCICDYCEY
957,0,Y51I,Y51I,QDKCKKVYENYPVSKCQLANQCNYDCKLLKHARSGECFYDEKRNLQCICDYCEY
958,0,Y51K,Y51K,QDKCKKVYENYPVSKCQLANQCNYDCKLLKHARSGECFYDEKRNLQCICDYCEY
959,0,Y51L,Y51L,QDKCKKVYENYPVSKCQLANQCNYDCKLLKHARSGECFYDEKRNLQCICDYCEY
960,0,Y51M,Y51M,QDKCKKVYENYPVSKCQLANQCNYDCKLLKHARSGECFYDEKRNLQCICDYCEY
961,0,Y51N,Y51N,QDKCKKVYENYPVSKCQLANQCNYDCKLLKHARSGECFYDEKRNLQCICDYCEY
962,0,Y51P,Y51P,QDKCKKVYENYPVSKCQLANQCNYDCKLLKHARSGECFYDEKRNLQCICDYCEY
963,0,Y51Q,Y51Q,QDKCKKVYENYPVSKCQLANQCNYDCKLLKHARSGECFYDEKRNLQCICDYCEY
964,0,Y51R,Y51R,QDKCKKVYENYPVSKCQLANQCNYDCKLLKHARSGECFYDEKRNLQCICDYCEY
965,0,Y51S,Y51S,QDKCKKVYENYPVSKCQLANQCNYDCKLLKHARSGECFYDEKRNLQCICDYCEY
966,0,Y51T,Y51T,QDKCKKVYENYPVSKCQLANQCNYDCKLLKHARSGECFYDEKRNLQCICDYCEY
967,0,Y51V,Y51V,QDKCKKVYENYPVSKCQLANQCNYDCKLLKHARSGECFYDEKRNLQCICDYCEY
968,0,Y51W,Y51W,QDKCKKVYENYPVSKCQLANQCNYDCKLLKHARSGECFYDEKRNLQCICDYCEY
969,0,C52A,C52A,QDKCKKVYENYPVSKCQLANQCNYDCKLLKHARSGECFYDEKRNLQCICDYCEY
970,0,C52D,C52D,QDKCKKVYENYPVSKCQLANQCNYDCKLLKHARSGECFYDEKRNLQCICDYCEY
971,0,C52E,C52E,QDKCKKVYENYPVSKCQLANQCNYDCKLLKHARSGECFYDEKRNLQCICDYCEY
972,0,C52F,C52F,QDKCKKVYENYPVSKCQLANQCNYDCKLLKHARSGECFYDEKRNLQCICDYCEY
973,0,C52G,C52G,QDKCKKVYENYPVSKCQLANQCNYDCKLLKHARSGECFYDEKRNLQCICDYCEY
974,0,C52H,C52H,QDKCKKVYENYPVSKCQLANQCNYDCKLLKHARSGECFYDEKRNLQCICDYCEY
975,0,C52I,C52I,QDKCKKVYENYPVSKCQLANQCNYDCKLLKHARSGECFYDEKRNLQCICDYCEY
976,0,C52K,C52K,QDKCKKVYENYPVSKCQLANQCNYDCKLLKHARSGECFYDEKRNLQCICDYCEY
977,0,C52L,C52L,QDKCKKVYENYPVSKCQLANQCNYDCKLLKHARSGECFYDEKRNLQCICDYCEY
978,0,C52M,C52M,QDKCKKVYENYPVSKCQLANQCNYDCKLLKHARSGECFYDEKRNLQCICDYCEY
979,0,C52N,C52N,QDKCKKVYENYPVSKCQLANQCNYDCKLLKHARSGECFYDEKRNLQCICDYCEY
980,0,C52P,C52P,QDKCKKVYENYPVSKCQLANQCNYDCKLLKHARSGECFYDEKRNLQCICDYCEY
981,0,C52Q,C52Q,QDKCKKVYENYPVSKCQLANQCNYDCKLLKHARSGECFYDEKRNLQCICDYCEY
982,0,C52R,C52R,QDKCKKVYENYPVSKCQLANQCNYDCKLLKHARSGECFYDEKRNLQCICDYCEY
983,0,C52S,C52S,QDKCKKVYENYPVSKCQLANQCNYDCKLLKHARSGECFYDEKRNLQCICDYCEY
984,0,C52T,C52T,QDKCKKVYENYPVSKCQLANQCNYDCKLLKHARSGECFYDEKRNLQCICDYCEY
985,0,C52V,C52V,QDKCKKVYENYPVSKCQLANQCNYDCKLLKHARSGECFYDEKRNLQCICDYCEY
986,0,C52W,C52W,QDKCKKVYENYPVSKCQLANQCNYDCKLLKHARSGECFYDEKRNLQCICDYCEY
987,0,C52Y,C52Y,QDKCKKVYENYPVSKCQLANQCNYDCKLLKHARSGECFYDEKRNLQCICDYCEY
988,0,E53A,E53A,QDKCKKVYENYPVSKCQLANQCNYDCKLLKHARSGECFYDEKRNLQCICDYCEY
989,0,E53C,E53C,QDKCKKVYENYPVSKCQLANQCNYDCKLLKHARSGECFYDEKRNLQCICDYCEY
990,0,E53D,E53D,QDKCKKVYENYPVSKCQLANQCNYDCKLLKHARSGECFYDEKRNLQCICDYCEY
991,0,E53F,E53F,QDKCKKVYENYPVSKCQLANQCNYDCKLLKHARSGECFYDEKRNLQCICDYCEY
992,0,E53G,E53G,QDKCKKVYENYPVSKCQLANQCNYDCKLLKHARSGECFYDEKRNLQCICDYCEY
993,0,E53H,E53H,QDKCKKVYENYPVSKCQLANQCNYDCKLLKHARSGECFYDEKRNLQCICDYCEY
994,0,E53I,E53I,QDKCKKVYENYPVSKCQLANQCNYDCKLLKHARSGECFYDEKRNLQCICDYCEY
995,0,E53K,E53K,QDKCKKVYENYPVSKCQLANQCNYDCKLLKHARSGECFYDEKRNLQCICDYCEY
996,0,E53L,E53L,QDKCKKVYENYPVSKCQLANQCNYDCKLLKHARSGECFYDEKRNLQCICDYCEY
997,0,E53M,E53M,QDKCKKVYENYPVSKCQLANQCNYDCKLLKHARSGECFYDEKRNLQCICDYCEY
998,0,E53N,E53N,QDKCKKVYENYPVSKCQLANQCNYDCKLLKHARSGECFYDEKRNLQCICDYCEY
999,0,E53P,E53P,QDKCKKVYENYPVSKCQLANQCNYDCKLLKHARSGECFYDEKRNLQCICDYCEY
1000,0,E53Q,E53Q,QDKCKKVYENYPVSKCQLANQCNYDCKLLKHARSGECFYDEKRNLQCICDYCEY
1001,0,E53R,E53R,QDKCKKVYENYPVSKCQLANQCNYDCKLLKHARSGECFYDEKRNLQCICDYCEY
1002,0,E53S,E53S,QDKCKKVYENYPVSKCQLANQCNYDCKLLKHARSGECFYDEKRNLQCICDYCEY
1003,0,E53T,E53T,QDKCKKVYENYPVSKCQLANQCNYDCKLLKHARSGECFYDEKRNLQCICDYCEY
1004,0,E53V,E53V,QDKCKKVYENYPVSKCQLANQCNYDCKLLKHARSGECFYDEKRNLQCICDYCEY
1005,0,E53W,E53W,QDKCKKVYENYPVSKCQLANQCNYDCKLLKHARSGECFYDEKRNLQCICDYCEY
1006,0,E53Y,E53Y,QDKCKKVYENYPVSKCQLANQCNYDCKLLKHARSGECFYDEKRNLQCICDYCEY
1007,0,Y54A,Y54A,QDKCKKVYENYPVSKCQLANQCNYDCKLLKHARSGECFYDEKRNLQCICDYCEY
1008,0,Y54C,Y54C,QDKCKKVYENYPVSKCQLANQCNYDCKLLKHARSGECFYDEKRNLQCICDYCEY
1009,0,Y54D,Y54D,QDKCKKVYENYPVSKCQLANQCNYDCKLLKHARSGECFYDEKRNLQCICDYCEY
1010,0,Y54E,Y54E,QDKCKKVYENYPVSKCQLANQCNYDCKLLKHARSGECFYDEKRNLQCICDYCEY
1011,0,Y54F,Y54F,QDKCKKVYENYPVSKCQLANQCNYDCKLLKHARSGECFYDEKRNLQCICDYCEY
1012,0,Y54G,Y54G,QDKCKKVYENYPVSKCQLANQCNYDCKLLKHARSGECFYDEKRNLQCICDYCEY
1013,0,Y54H,Y54H,QDKCKKVYENYPVSKCQLANQCNYDCKLLKHARSGECFYDEKRNLQCICDYCEY
1014,0,Y54I,Y54I,QDKCKKVYENYPVSKCQLANQCNYDCKLLKHARSGECFYDEKRNLQCICDYCEY
1015,0,Y54K,Y54K,QDKCKKVYENYPVSKCQLANQCNYDCKLLKHARSGECFYDEKRNLQCICDYCEY
1016,0,Y54L,Y54L,QDKCKKVYENYPVSKCQLANQCNYDCKLLKHARSGECFYDEKRNLQCICDYCEY
1017,0,Y54M,Y54M,QDKCKKVYENYPVSKCQLANQCNYDCKLLKHARSGECFYDEKRNLQCICDYCEY
1018,0,Y54N,Y54N,QDKCKKVYENYPVSKCQLANQCNYDCKLLKHARSGECFYDEKRNLQCICDYCEY
1019,0,Y54P,Y54P,QDKCKKVYENYPVSKCQLANQCNYDCKLLKHARSGECFYDEKRNLQCICDYCEY
1020,0,Y54Q,Y54Q,QDKCKKVYENYPVSKCQLANQCNYDCKLLKHARSGECFYDEKRNLQCICDYCEY
1021,0,Y54R,Y54R,QDKCKKVYENYPVSKCQLANQCNYDCKLLKHARSGECFYDEKRNLQCICDYCEY
1022,0,Y54S,Y54S,QDKCKKVYENYPVSKCQLANQCNYDCKLLKHARSGECFYDEKRNLQCICDYCEY
1023,0,Y54T,Y54T,QDKCKKVYENYPVSKCQLANQCNYDCKLLKHARSGECFYDEKRNLQCICDYCEY
1024,0,Y54V,Y54V,QDKCKKVYENYPVSKCQLANQCNYDCKLLKHARSGECFYDEKRNLQCICDYCEY
1025,0,Y54W,Y54W,QDKCKKVYENYPVSKCQLANQCNYDCKLLKHARSGECFYDEKRNLQCICDYCEY