Index1,Index2,ID,MTS,Sequence,DDG,DDG_JanusDDG
0,0,Q1A,Q1A,QDKCKKVYENYPVSKCQLANQCNYDCKLDKHARSGECFYDEKGNLQCICDYCEY,,0.48741904
1,1,Q1C,Q1C,QDKCKKVYENYPVSKCQLANQCNYDCKLDKHARSGECFYDEKGNLQCICDYCEY,,-1.6861852
2,2,Q1D,Q1D,QDKCKKVYENYPVSKCQLANQCNYDCKLDKHARSGECFYDEKGNLQCICDYCEY,,0.08835891
3,3,Q1E,Q1E,QDKCKKVYENYPVSKCQLANQCNYDCKLDKHARSGECFYDEKGNLQCICDYCEY,,-0.24633518
4,4,Q1F,Q1F,QDKCKKVYENYPVSKCQLANQCNYDCKLDKHARSGECFYDEKGNLQCICDYCEY,,0.5290617
5,5,Q1G,Q1G,QDKCKKVYENYPVSKCQLANQCNYDCKLDKHARSGECFYDEKGNLQCICDYCEY,,0.5099192
6,6,Q1H,Q1H,QDKCKKVYENYPVSKCQLANQCNYDCKLDKHARSGECFYDEKGNLQCICDYCEY,,-0.038778514
7,7,Q1I,Q1I,QDKCKKVYENYPVSKCQLANQCNYDCKLDKHARSGECFYDEKGNLQCICDYCEY,,0.15477662
8,8,Q1K,Q1K,QDKCKKVYENYPVSKCQLANQCNYDCKLDKHARSGECFYDEKGNLQCICDYCEY,,-0.30704322
9,9,Q1L,Q1L,QDKCKKVYENYPVSKCQLANQCNYDCKLDKHARSGECFYDEKGNLQCICDYCEY,,0.21802647
10,10,Q1M,Q1M,QDKCKKVYENYPVSKCQLANQCNYDCKLDKHARSGECFYDEKGNLQCICDYCEY,,0.10876799
11,11,Q1N,Q1N,QDKCKKVYENYPVSKCQLANQCNYDCKLDKHARSGECFYDEKGNLQCICDYCEY,,-0.0721263
12,12,Q1P,Q1P,QDKCKKVYENYPVSKCQLANQCNYDCKLDKHARSGECFYDEKGNLQCICDYCEY,,-0.15792097
13,13,Q1R,Q1R,QDKCKKVYENYPVSKCQLANQCNYDCKLDKHARSGECFYDEKGNLQCICDYCEY,,0.2045633
14,14,Q1S,Q1S,QDKCKKVYENYPVSKCQLANQCNYDCKLDKHARSGECFYDEKGNLQCICDYCEY,,0.14765057
15,15,Q1T,Q1T,QDKCKKVYENYPVSKCQLANQCNYDCKLDKHARSGECFYDEKGNLQCICDYCEY,,-0.12181926
16,16,Q1V,Q1V,QDKCKKVYENYPVSKCQLANQCNYDCKLDKHARSGECFYDEKGNLQCICDYCEY,,0.22281519
17,17,Q1W,Q1W,QDKCKKVYENYPVSKCQLANQCNYDCKLDKHARSGECFYDEKGNLQCICDYCEY,,0.13379288
18,18,Q1Y,Q1Y,QDKCKKVYENYPVSKCQLANQCNYDCKLDKHARSGECFYDEKGNLQCICDYCEY,,0.7843782
19,19,D2A,D2A,QDKCKKVYENYPVSKCQLANQCNYDCKLDKHARSGECFYDEKGNLQCICDYCEY,,1.1210008
20,20,D2C,D2C,QDKCKKVYENYPVSKCQLANQCNYDCKLDKHARSGECFYDEKGNLQCICDYCEY,,-2.4435854
21,21,D2E,D2E,QDKCKKVYENYPVSKCQLANQCNYDCKLDKHARSGECFYDEKGNLQCICDYCEY,,0.28578082
22,22,D2F,D2F,QDKCKKVYENYPVSKCQLANQCNYDCKLDKHARSGECFYDEKGNLQCICDYCEY,,1.0158938
23,23,D2G,D2G,QDKCKKVYENYPVSKCQLANQCNYDCKLDKHARSGECFYDEKGNLQCICDYCEY,,1.0687509
24,24,D2H,D2H,QDKCKKVYENYPVSKCQLANQCNYDCKLDKHARSGECFYDEKGNLQCICDYCEY,,-0.1135101
25,25,D2I,D2I,QDKCKKVYENYPVSKCQLANQCNYDCKLDKHARSGECFYDEKGNLQCICDYCEY,,1.4851661
26,26,D2K,D2K,QDKCKKVYENYPVSKCQLANQCNYDCKLDKHARSGECFYDEKGNLQCICDYCEY,,1.1158551
27,27,D2L,D2L,QDKCKKVYENYPVSKCQLANQCNYDCKLDKHARSGECFYDEKGNLQCICDYCEY,,0.86990166
28,28,D2M,D2M,QDKCKKVYENYPVSKCQLANQCNYDCKLDKHARSGECFYDEKGNLQCICDYCEY,,1.768079
29,29,D2N,D2N,QDKCKKVYENYPVSKCQLANQCNYDCKLDKHARSGECFYDEKGNLQCICDYCEY,,0.21910508
30,30,D2P,D2P,QDKCKKVYENYPVSKCQLANQCNYDCKLDKHARSGECFYDEKGNLQCICDYCEY,,1.1697845
31,31,D2Q,D2Q,QDKCKKVYENYPVSKCQLANQCNYDCKLDKHARSGECFYDEKGNLQCICDYCEY,,0.54715216
32,32,D2R,D2R,QDKCKKVYENYPVSKCQLANQCNYDCKLDKHARSGECFYDEKGNLQCICDYCEY,,1.2260305
33,33,D2S,D2S,QDKCKKVYENYPVSKCQLANQCNYDCKLDKHARSGECFYDEKGNLQCICDYCEY,,0.6336833
34,34,D2T,D2T,QDKCKKVYENYPVSKCQLANQCNYDCKLDKHARSGECFYDEKGNLQCICDYCEY,,0.51526725
35,35,D2V,D2V,QDKCKKVYENYPVSKCQLANQCNYDCKLDKHARSGECFYDEKGNLQCICDYCEY,,0.96334577
36,36,D2W,D2W,QDKCKKVYENYPVSKCQLANQCNYDCKLDKHARSGECFYDEKGNLQCICDYCEY,,1.8862884
37,37,D2Y,D2Y,QDKCKKVYENYPVSKCQLANQCNYDCKLDKHARSGECFYDEKGNLQCICDYCEY,,1.4130819
38,38,K3A,K3A,QDKCKKVYENYPVSKCQLANQCNYDCKLDKHARSGECFYDEKGNLQCICDYCEY,,-0.6653589
39,39,K3C,K3C,QDKCKKVYENYPVSKCQLANQCNYDCKLDKHARSGECFYDEKGNLQCICDYCEY,,-0.6245595
40,40,K3D,K3D,QDKCKKVYENYPVSKCQLANQCNYDCKLDKHARSGECFYDEKGNLQCICDYCEY,,-1.5234929
41,41,K3E,K3E,QDKCKKVYENYPVSKCQLANQCNYDCKLDKHARSGECFYDEKGNLQCICDYCEY,,-0.66315013
42,42,K3F,K3F,QDKCKKVYENYPVSKCQLANQCNYDCKLDKHARSGECFYDEKGNLQCICDYCEY,,-0.20862895
43,43,K3G,K3G,QDKCKKVYENYPVSKCQLANQCNYDCKLDKHARSGECFYDEKGNLQCICDYCEY,,-0.12993695
44,44,K3H,K3H,QDKCKKVYENYPVSKCQLANQCNYDCKLDKHARSGECFYDEKGNLQCICDYCEY,,-0.8342033
45,45,K3I,K3I,QDKCKKVYENYPVSKCQLANQCNYDCKLDKHARSGECFYDEKGNLQCICDYCEY,,-0.16918445
46,46,K3L,K3L,QDKCKKVYENYPVSKCQLANQCNYDCKLDKHARSGECFYDEKGNLQCICDYCEY,,-0.064903975
47,47,K3M,K3M,QDKCKKVYENYPVSKCQLANQCNYDCKLDKHARSGECFYDEKGNLQCICDYCEY,,0.0014704466
48,48,K3N,K3N,QDKCKKVYENYPVSKCQLANQCNYDCKLDKHARSGECFYDEKGNLQCICDYCEY,,-0.8130788
49,49,K3P,K3P,QDKCKKVYENYPVSKCQLANQCNYDCKLDKHARSGECFYDEKGNLQCICDYCEY,,-0.69647646
50,50,K3Q,K3Q,QDKCKKVYENYPVSKCQLANQCNYDCKLDKHARSGECFYDEKGNLQCICDYCEY,,-0.38320345
51,51,K3R,K3R,QDKCKKVYENYPVSKCQLANQCNYDCKLDKHARSGECFYDEKGNLQCICDYCEY,,-0.07432622
52,52,K3S,K3S,QDKCKKVYENYPVSKCQLANQCNYDCKLDKHARSGECFYDEKGNLQCICDYCEY,,-0.29629475
53,53,K3T,K3T,QDKCKKVYENYPVSKCQLANQCNYDCKLDKHARSGECFYDEKGNLQCICDYCEY,,-0.30099088
54,54,K3V,K3V,QDKCKKVYENYPVSKCQLANQCNYDCKLDKHARSGECFYDEKGNLQCICDYCEY,,-0.22344261
55,55,K3W,K3W,QDKCKKVYENYPVSKCQLANQCNYDCKLDKHARSGECFYDEKGNLQCICDYCEY,,-0.29849222
56,56,K3Y,K3Y,QDKCKKVYENYPVSKCQLANQCNYDCKLDKHARSGECFYDEKGNLQCICDYCEY,,0.28902423
57,57,C4A,C4A,QDKCKKVYENYPVSKCQLANQCNYDCKLDKHARSGECFYDEKGNLQCICDYCEY,,-3.9878893
58,58,C4D,C4D,QDKCKKVYENYPVSKCQLANQCNYDCKLDKHARSGECFYDEKGNLQCICDYCEY,,-3.927108
59,59,C4E,C4E,QDKCKKVYENYPVSKCQLANQCNYDCKLDKHARSGECFYDEKGNLQCICDYCEY,,-3.7968516
60,60,C4F,C4F,QDKCKKVYENYPVSKCQLANQCNYDCKLDKHARSGECFYDEKGNLQCICDYCEY,,-3.3247097
61,61,C4G,C4G,QDKCKKVYENYPVSKCQLANQCNYDCKLDKHARSGECFYDEKGNLQCICDYCEY,,-3.7295194
62,62,C4H,C4H,QDKCKKVYENYPVSKCQLANQCNYDCKLDKHARSGECFYDEKGNLQCICDYCEY,,-3.4426556
63,63,C4I,C4I,QDKCKKVYENYPVSKCQLANQCNYDCKLDKHARSGECFYDEKGNLQCICDYCEY,,-3.7133367
64,64,C4K,C4K,QDKCKKVYENYPVSKCQLANQCNYDCKLDKHARSGECFYDEKGNLQCICDYCEY,,-3.5282369
65,65,C4L,C4L,QDKCKKVYENYPVSKCQLANQCNYDCKLDKHARSGECFYDEKGNLQCICDYCEY,,-3.7805166
66,66,C4M,C4M,QDKCKKVYENYPVSKCQLANQCNYDCKLDKHARSGECFYDEKGNLQCICDYCEY,,-3.0287716
67,67,C4N,C4N,QDKCKKVYENYPVSKCQLANQCNYDCKLDKHARSGECFYDEKGNLQCICDYCEY,,-3.674285
68,68,C4P,C4P,QDKCKKVYENYPVSKCQLANQCNYDCKLDKHARSGECFYDEKGNLQCICDYCEY,,-3.4717696
69,69,C4Q,C4Q,QDKCKKVYENYPVSKCQLANQCNYDCKLDKHARSGECFYDEKGNLQCICDYCEY,,-3.6729178
70,70,C4R,C4R,QDKCKKVYENYPVSKCQLANQCNYDCKLDKHARSGECFYDEKGNLQCICDYCEY,,-3.5126593
71,71,C4S,C4S,QDKCKKVYENYPVSKCQLANQCNYDCKLDKHARSGECFYDEKGNLQCICDYCEY,,-3.8259506
72,72,C4T,C4T,QDKCKKVYENYPVSKCQLANQCNYDCKLDKHARSGECFYDEKGNLQCICDYCEY,,-3.7948241
73,73,C4V,C4V,QDKCKKVYENYPVSKCQLANQCNYDCKLDKHARSGECFYDEKGNLQCICDYCEY,,-3.6847916
74,74,C4W,C4W,QDKCKKVYENYPVSKCQLANQCNYDCKLDKHARSGECFYDEKGNLQCICDYCEY,,-1.9219902
75,75,C4Y,C4Y,QDKCKKVYENYPVSKCQLANQCNYDCKLDKHARSGECFYDEKGNLQCICDYCEY,,-3.148797
76,76,K5A,K5A,QDKCKKVYENYPVSKCQLANQCNYDCKLDKHARSGECFYDEKGNLQCICDYCEY,,-1.0033284
77,77,K5C,K5C,QDKCKKVYENYPVSKCQLANQCNYDCKLDKHARSGECFYDEKGNLQCICDYCEY,,-0.5871188
78,78,K5D,K5D,QDKCKKVYENYPVSKCQLANQCNYDCKLDKHARSGECFYDEKGNLQCICDYCEY,,-2.227813
79,79,K5E,K5E,QDKCKKVYENYPVSKCQLANQCNYDCKLDKHARSGECFYDEKGNLQCICDYCEY,,-0.6915775
80,80,K5F,K5F,QDKCKKVYENYPVSKCQLANQCNYDCKLDKHARSGECFYDEKGNLQCICDYCEY,,-0.17397463
81,81,K5G,K5G,QDKCKKVYENYPVSKCQLANQCNYDCKLDKHARSGECFYDEKGNLQCICDYCEY,,-1.9452798
82,82,K5H,K5H,QDKCKKVYENYPVSKCQLANQCNYDCKLDKHARSGECFYDEKGNLQCICDYCEY,,-0.81533855
83,83,K5I,K5I,QDKCKKVYENYPVSKCQLANQCNYDCKLDKHARSGECFYDEKGNLQCICDYCEY,,-0.049505726
84,84,K5L,K5L,QDKCKKVYENYPVSKCQLANQCNYDCKLDKHARSGECFYDEKGNLQCICDYCEY,,-0.14018011
85,85,K5M,K5M,QDKCKKVYENYPVSKCQLANQCNYDCKLDKHARSGECFYDEKGNLQCICDYCEY,,0.1456818
86,86,K5N,K5N,QDKCKKVYENYPVSKCQLANQCNYDCKLDKHARSGECFYDEKGNLQCICDYCEY,,-1.5199647
87,87,K5P,K5P,QDKCKKVYENYPVSKCQLANQCNYDCKLDKHARSGECFYDEKGNLQCICDYCEY,,-1.9688714
88,88,K5Q,K5Q,QDKCKKVYENYPVSKCQLANQCNYDCKLDKHARSGECFYDEKGNLQCICDYCEY,,-0.4482123
89,89,K5R,K5R,QDKCKKVYENYPVSKCQLANQCNYDCKLDKHARSGECFYDEKGNLQCICDYCEY,,0.3037028
90,90,K5S,K5S,QDKCKKVYENYPVSKCQLANQCNYDCKLDKHARSGECFYDEKGNLQCICDYCEY,,-0.9481162
91,91,K5T,K5T,QDKCKKVYENYPVSKCQLANQCNYDCKLDKHARSGECFYDEKGNLQCICDYCEY,,-0.239175
92,92,K5V,K5V,QDKCKKVYENYPVSKCQLANQCNYDCKLDKHARSGECFYDEKGNLQCICDYCEY,,0.17145947
93,93,K5W,K5W,QDKCKKVYENYPVSKCQLANQCNYDCKLDKHARSGECFYDEKGNLQCICDYCEY,,0.01071763
94,94,K5Y,K5Y,QDKCKKVYENYPVSKCQLANQCNYDCKLDKHARSGECFYDEKGNLQCICDYCEY,,0.06434654
95,95,K6A,K6A,QDKCKKVYENYPVSKCQLANQCNYDCKLDKHARSGECFYDEKGNLQCICDYCEY,,-0.92346513
96,96,K6C,K6C,QDKCKKVYENYPVSKCQLANQCNYDCKLDKHARSGECFYDEKGNLQCICDYCEY,,-2.6625614
97,97,K6D,K6D,QDKCKKVYENYPVSKCQLANQCNYDCKLDKHARSGECFYDEKGNLQCICDYCEY,,-2.5666165
98,98,K6E,K6E,QDKCKKVYENYPVSKCQLANQCNYDCKLDKHARSGECFYDEKGNLQCICDYCEY,,-1.2951629
99,99,K6F,K6F,QDKCKKVYENYPVSKCQLANQCNYDCKLDKHARSGECFYDEKGNLQCICDYCEY,,-0.26896876
100,100,K6G,K6G,QDKCKKVYENYPVSKCQLANQCNYDCKLDKHARSGECFYDEKGNLQCICDYCEY,,-2.4218683
101,101,K6H,K6H,QDKCKKVYENYPVSKCQLANQCNYDCKLDKHARSGECFYDEKGNLQCICDYCEY,,-1.1796823
102,102,K6I,K6I,QDKCKKVYENYPVSKCQLANQCNYDCKLDKHARSGECFYDEKGNLQCICDYCEY,,0.27020597
103,103,K6L,K6L,QDKCKKVYENYPVSKCQLANQCNYDCKLDKHARSGECFYDEKGNLQCICDYCEY,,-0.29654294
104,104,K6M,K6M,QDKCKKVYENYPVSKCQLANQCNYDCKLDKHARSGECFYDEKGNLQCICDYCEY,,-0.061968848
105,105,K6N,K6N,QDKCKKVYENYPVSKCQLANQCNYDCKLDKHARSGECFYDEKGNLQCICDYCEY,,-1.7613161
106,106,K6P,K6P,QDKCKKVYENYPVSKCQLANQCNYDCKLDKHARSGECFYDEKGNLQCICDYCEY,,-1.7184197
107,107,K6Q,K6Q,QDKCKKVYENYPVSKCQLANQCNYDCKLDKHARSGECFYDEKGNLQCICDYCEY,,-0.48132253
108,108,K6R,K6R,QDKCKKVYENYPVSKCQLANQCNYDCKLDKHARSGECFYDEKGNLQCICDYCEY,,0.5981476
109,109,K6S,K6S,QDKCKKVYENYPVSKCQLANQCNYDCKLDKHARSGECFYDEKGNLQCICDYCEY,,-1.0791746
110,110,K6T,K6T,QDKCKKVYENYPVSKCQLANQCNYDCKLDKHARSGECFYDEKGNLQCICDYCEY,,-0.29811114
111,111,K6V,K6V,QDKCKKVYENYPVSKCQLANQCNYDCKLDKHARSGECFYDEKGNLQCICDYCEY,,0.100235105
112,112,K6W,K6W,QDKCKKVYENYPVSKCQLANQCNYDCKLDKHARSGECFYDEKGNLQCICDYCEY,,-0.50360036
113,113,K6Y,K6Y,QDKCKKVYENYPVSKCQLANQCNYDCKLDKHARSGECFYDEKGNLQCICDYCEY,,-0.3111566
114,114,V7A,V7A,QDKCKKVYENYPVSKCQLANQCNYDCKLDKHARSGECFYDEKGNLQCICDYCEY,,-1.685085
115,115,V7C,V7C,QDKCKKVYENYPVSKCQLANQCNYDCKLDKHARSGECFYDEKGNLQCICDYCEY,,-2.6835527
116,116,V7D,V7D,QDKCKKVYENYPVSKCQLANQCNYDCKLDKHARSGECFYDEKGNLQCICDYCEY,,-2.9747224
117,117,V7E,V7E,QDKCKKVYENYPVSKCQLANQCNYDCKLDKHARSGECFYDEKGNLQCICDYCEY,,-2.2610025
118,118,V7F,V7F,QDKCKKVYENYPVSKCQLANQCNYDCKLDKHARSGECFYDEKGNLQCICDYCEY,,-1.0296319
119,119,V7G,V7G,QDKCKKVYENYPVSKCQLANQCNYDCKLDKHARSGECFYDEKGNLQCICDYCEY,,-3.3097925
120,120,V7H,V7H,QDKCKKVYENYPVSKCQLANQCNYDCKLDKHARSGECFYDEKGNLQCICDYCEY,,-2.1796112
121,121,V7I,V7I,QDKCKKVYENYPVSKCQLANQCNYDCKLDKHARSGECFYDEKGNLQCICDYCEY,,-0.37323982
122,122,V7K,V7K,QDKCKKVYENYPVSKCQLANQCNYDCKLDKHARSGECFYDEKGNLQCICDYCEY,,-1.7390141
123,123,V7L,V7L,QDKCKKVYENYPVSKCQLANQCNYDCKLDKHARSGECFYDEKGNLQCICDYCEY,,-1.1028287
124,124,V7M,V7M,QDKCKKVYENYPVSKCQLANQCNYDCKLDKHARSGECFYDEKGNLQCICDYCEY,,-1.163089
125,125,V7N,V7N,QDKCKKVYENYPVSKCQLANQCNYDCKLDKHARSGECFYDEKGNLQCICDYCEY,,-2.5515976
126,126,V7P,V7P,QDKCKKVYENYPVSKCQLANQCNYDCKLDKHARSGECFYDEKGNLQCICDYCEY,,-1.8822949
127,127,V7Q,V7Q,QDKCKKVYENYPVSKCQLANQCNYDCKLDKHARSGECFYDEKGNLQCICDYCEY,,-2.3120928
128,128,V7R,V7R,QDKCKKVYENYPVSKCQLANQCNYDCKLDKHARSGECFYDEKGNLQCICDYCEY,,-1.2752862
129,129,V7S,V7S,QDKCKKVYENYPVSKCQLANQCNYDCKLDKHARSGECFYDEKGNLQCICDYCEY,,-1.7296923
130,130,V7T,V7T,QDKCKKVYENYPVSKCQLANQCNYDCKLDKHARSGECFYDEKGNLQCICDYCEY,,-1.2009896
131,131,V7W,V7W,QDKCKKVYENYPVSKCQLANQCNYDCKLDKHARSGECFYDEKGNLQCICDYCEY,,-1.524018
132,132,V7Y,V7Y,QDKCKKVYENYPVSKCQLANQCNYDCKLDKHARSGECFYDEKGNLQCICDYCEY,,-1.0303656
133,133,Y8A,Y8A,QDKCKKVYENYPVSKCQLANQCNYDCKLDKHARSGECFYDEKGNLQCICDYCEY,,-1.1194905
134,134,Y8C,Y8C,QDKCKKVYENYPVSKCQLANQCNYDCKLDKHARSGECFYDEKGNLQCICDYCEY,,-3.268642
135,135,Y8D,Y8D,QDKCKKVYENYPVSKCQLANQCNYDCKLDKHARSGECFYDEKGNLQCICDYCEY,,-2.1882224
136,136,Y8E,Y8E,QDKCKKVYENYPVSKCQLANQCNYDCKLDKHARSGECFYDEKGNLQCICDYCEY,,-1.7798879
137,137,Y8F,Y8F,QDKCKKVYENYPVSKCQLANQCNYDCKLDKHARSGECFYDEKGNLQCICDYCEY,,-0.17596287
138,138,Y8G,Y8G,QDKCKKVYENYPVSKCQLANQCNYDCKLDKHARSGECFYDEKGNLQCICDYCEY,,-2.3680685
139,139,Y8H,Y8H,QDKCKKVYENYPVSKCQLANQCNYDCKLDKHARSGECFYDEKGNLQCICDYCEY,,-2.0606332
140,140,Y8I,Y8I,QDKCKKVYENYPVSKCQLANQCNYDCKLDKHARSGECFYDEKGNLQCICDYCEY,,0.23777078
141,141,Y8K,Y8K,QDKCKKVYENYPVSKCQLANQCNYDCKLDKHARSGECFYDEKGNLQCICDYCEY,,-2.3766313
142,142,Y8L,Y8L,QDKCKKVYENYPVSKCQLANQCNYDCKLDKHARSGECFYDEKGNLQCICDYCEY,,-0.59465194
143,143,Y8M,Y8M,QDKCKKVYENYPVSKCQLANQCNYDCKLDKHARSGECFYDEKGNLQCICDYCEY,,-0.24379143
144,144,Y8N,Y8N,QDKCKKVYENYPVSKCQLANQCNYDCKLDKHARSGECFYDEKGNLQCICDYCEY,,-2.3207433
145,145,Y8P,Y8P,QDKCKKVYENYPVSKCQLANQCNYDCKLDKHARSGECFYDEKGNLQCICDYCEY,,-2.079569
146,146,Y8Q,Y8Q,QDKCKKVYENYPVSKCQLANQCNYDCKLDKHARSGECFYDEKGNLQCICDYCEY,,-2.0072036
147,147,Y8R,Y8R,QDKCKKVYENYPVSKCQLANQCNYDCKLDKHARSGECFYDEKGNLQCICDYCEY,,-1.7275927
148,148,Y8S,Y8S,QDKCKKVYENYPVSKCQLANQCNYDCKLDKHARSGECFYDEKGNLQCICDYCEY,,-0.42087847
149,149,Y8T,Y8T,QDKCKKVYENYPVSKCQLANQCNYDCKLDKHARSGECFYDEKGNLQCICDYCEY,,-0.17230567
150,150,Y8V,Y8V,QDKCKKVYENYPVSKCQLANQCNYDCKLDKHARSGECFYDEKGNLQCICDYCEY,,0.3285879
151,151,Y8W,Y8W,QDKCKKVYENYPVSKCQLANQCNYDCKLDKHARSGECFYDEKGNLQCICDYCEY,,0.04957641
152,152,E9A,E9A,QDKCKKVYENYPVSKCQLANQCNYDCKLDKHARSGECFYDEKGNLQCICDYCEY,,-0.37876308
153,153,E9C,E9C,QDKCKKVYENYPVSKCQLANQCNYDCKLDKHARSGECFYDEKGNLQCICDYCEY,,-3.205329
154,154,E9D,E9D,QDKCKKVYENYPVSKCQLANQCNYDCKLDKHARSGECFYDEKGNLQCICDYCEY,,-0.25712216
155,155,E9F,E9F,QDKCKKVYENYPVSKCQLANQCNYDCKLDKHARSGECFYDEKGNLQCICDYCEY,,0.7215327
156,156,E9G,E9G,QDKCKKVYENYPVSKCQLANQCNYDCKLDKHARSGECFYDEKGNLQCICDYCEY,,-0.8328199
157,157,E9H,E9H,QDKCKKVYENYPVSKCQLANQCNYDCKLDKHARSGECFYDEKGNLQCICDYCEY,,-0.75374365
158,158,E9I,E9I,QDKCKKVYENYPVSKCQLANQCNYDCKLDKHARSGECFYDEKGNLQCICDYCEY,,0.73664653
159,159,E9K,E9K,QDKCKKVYENYPVSKCQLANQCNYDCKLDKHARSGECFYDEKGNLQCICDYCEY,,-0.7544491
160,160,E9L,E9L,QDKCKKVYENYPVSKCQLANQCNYDCKLDKHARSGECFYDEKGNLQCICDYCEY,,0.18511121
161,161,E9M,E9M,QDKCKKVYENYPVSKCQLANQCNYDCKLDKHARSGECFYDEKGNLQCICDYCEY,,0.21593025
162,162,E9N,E9N,QDKCKKVYENYPVSKCQLANQCNYDCKLDKHARSGECFYDEKGNLQCICDYCEY,,-0.53523433
163,163,E9P,E9P,QDKCKKVYENYPVSKCQLANQCNYDCKLDKHARSGECFYDEKGNLQCICDYCEY,,-0.37532523
164,164,E9Q,E9Q,QDKCKKVYENYPVSKCQLANQCNYDCKLDKHARSGECFYDEKGNLQCICDYCEY,,-0.8855367
165,165,E9R,E9R,QDKCKKVYENYPVSKCQLANQCNYDCKLDKHARSGECFYDEKGNLQCICDYCEY,,-0.71634346
166,166,E9S,E9S,QDKCKKVYENYPVSKCQLANQCNYDCKLDKHARSGECFYDEKGNLQCICDYCEY,,-0.3903018
167,167,E9T,E9T,QDKCKKVYENYPVSKCQLANQCNYDCKLDKHARSGECFYDEKGNLQCICDYCEY,,-0.056081608
168,168,E9V,E9V,QDKCKKVYENYPVSKCQLANQCNYDCKLDKHARSGECFYDEKGNLQCICDYCEY,,0.6535354
169,169,E9W,E9W,QDKCKKVYENYPVSKCQLANQCNYDCKLDKHARSGECFYDEKGNLQCICDYCEY,,0.24086146
170,170,E9Y,E9Y,QDKCKKVYENYPVSKCQLANQCNYDCKLDKHARSGECFYDEKGNLQCICDYCEY,,0.784551
171,171,N10A,N10A,QDKCKKVYENYPVSKCQLANQCNYDCKLDKHARSGECFYDEKGNLQCICDYCEY,,-0.14022256
172,172,N10C,N10C,QDKCKKVYENYPVSKCQLANQCNYDCKLDKHARSGECFYDEKGNLQCICDYCEY,,0.14057773
173,173,N10D,N10D,QDKCKKVYENYPVSKCQLANQCNYDCKLDKHARSGECFYDEKGNLQCICDYCEY,,-0.6813822
174,174,N10E,N10E,QDKCKKVYENYPVSKCQLANQCNYDCKLDKHARSGECFYDEKGNLQCICDYCEY,,-0.04859352
175,175,N10F,N10F,QDKCKKVYENYPVSKCQLANQCNYDCKLDKHARSGECFYDEKGNLQCICDYCEY,,1.0816178
176,176,N10G,N10G,QDKCKKVYENYPVSKCQLANQCNYDCKLDKHARSGECFYDEKGNLQCICDYCEY,,-1.4318843
177,177,N10H,N10H,QDKCKKVYENYPVSKCQLANQCNYDCKLDKHARSGECFYDEKGNLQCICDYCEY,,-0.5399797
178,178,N10I,N10I,QDKCKKVYENYPVSKCQLANQCNYDCKLDKHARSGECFYDEKGNLQCICDYCEY,,1.4884832
179,179,N10K,N10K,QDKCKKVYENYPVSKCQLANQCNYDCKLDKHARSGECFYDEKGNLQCICDYCEY,,-0.5523085
180,180,N10L,N10L,QDKCKKVYENYPVSKCQLANQCNYDCKLDKHARSGECFYDEKGNLQCICDYCEY,,1.229525
181,181,N10M,N10M,QDKCKKVYENYPVSKCQLANQCNYDCKLDKHARSGECFYDEKGNLQCICDYCEY,,1.1943963
182,182,N10P,N10P,QDKCKKVYENYPVSKCQLANQCNYDCKLDKHARSGECFYDEKGNLQCICDYCEY,,-0.31594652
183,183,N10Q,N10Q,QDKCKKVYENYPVSKCQLANQCNYDCKLDKHARSGECFYDEKGNLQCICDYCEY,,-0.34654793
184,184,N10R,N10R,QDKCKKVYENYPVSKCQLANQCNYDCKLDKHARSGECFYDEKGNLQCICDYCEY,,0.092160106
185,185,N10S,N10S,QDKCKKVYENYPVSKCQLANQCNYDCKLDKHARSGECFYDEKGNLQCICDYCEY,,-0.26986623
186,186,N10T,N10T,QDKCKKVYENYPVSKCQLANQCNYDCKLDKHARSGECFYDEKGNLQCICDYCEY,,0.7895599
187,187,N10V,N10V,QDKCKKVYENYPVSKCQLANQCNYDCKLDKHARSGECFYDEKGNLQCICDYCEY,,1.5854518
188,188,N10W,N10W,QDKCKKVYENYPVSKCQLANQCNYDCKLDKHARSGECFYDEKGNLQCICDYCEY,,1.6390455
189,189,N10Y,N10Y,QDKCKKVYENYPVSKCQLANQCNYDCKLDKHARSGECFYDEKGNLQCICDYCEY,,1.5531291
190,190,Y11A,Y11A,QDKCKKVYENYPVSKCQLANQCNYDCKLDKHARSGECFYDEKGNLQCICDYCEY,,-1.7619953
191,191,Y11C,Y11C,QDKCKKVYENYPVSKCQLANQCNYDCKLDKHARSGECFYDEKGNLQCICDYCEY,,-3.7059853
192,192,Y11D,Y11D,QDKCKKVYENYPVSKCQLANQCNYDCKLDKHARSGECFYDEKGNLQCICDYCEY,,-2.2187963
193,193,Y11E,Y11E,QDKCKKVYENYPVSKCQLANQCNYDCKLDKHARSGECFYDEKGNLQCICDYCEY,,-2.032582
194,194,Y11F,Y11F,QDKCKKVYENYPVSKCQLANQCNYDCKLDKHARSGECFYDEKGNLQCICDYCEY,,-0.4139344
195,195,Y11G,Y11G,QDKCKKVYENYPVSKCQLANQCNYDCKLDKHARSGECFYDEKGNLQCICDYCEY,,-2.5598826
196,196,Y11H,Y11H,QDKCKKVYENYPVSKCQLANQCNYDCKLDKHARSGECFYDEKGNLQCICDYCEY,,-2.3247418
197,197,Y11I,Y11I,QDKCKKVYENYPVSKCQLANQCNYDCKLDKHARSGECFYDEKGNLQCICDYCEY,,-0.79432553
198,198,Y11K,Y11K,QDKCKKVYENYPVSKCQLANQCNYDCKLDKHARSGECFYDEKGNLQCICDYCEY,,-2.3572397
199,199,Y11L,Y11L,QDKCKKVYENYPVSKCQLANQCNYDCKLDKHARSGECFYDEKGNLQCICDYCEY,,-0.8372134
200,200,Y11M,Y11M,QDKCKKVYENYPVSKCQLANQCNYDCKLDKHARSGECFYDEKGNLQCICDYCEY,,-0.71409905
201,201,Y11N,Y11N,QDKCKKVYENYPVSKCQLANQCNYDCKLDKHARSGECFYDEKGNLQCICDYCEY,,-2.2609074
202,202,Y11P,Y11P,QDKCKKVYENYPVSKCQLANQCNYDCKLDKHARSGECFYDEKGNLQCICDYCEY,,-1.8294581
203,203,Y11Q,Y11Q,QDKCKKVYENYPVSKCQLANQCNYDCKLDKHARSGECFYDEKGNLQCICDYCEY,,-2.2630992
204,204,Y11R,Y11R,QDKCKKVYENYPVSKCQLANQCNYDCKLDKHARSGECFYDEKGNLQCICDYCEY,,-1.818764
205,205,Y11S,Y11S,QDKCKKVYENYPVSKCQLANQCNYDCKLDKHARSGECFYDEKGNLQCICDYCEY,,-1.9940813
206,206,Y11T,Y11T,QDKCKKVYENYPVSKCQLANQCNYDCKLDKHARSGECFYDEKGNLQCICDYCEY,,-1.7888702
207,207,Y11V,Y11V,QDKCKKVYENYPVSKCQLANQCNYDCKLDKHARSGECFYDEKGNLQCICDYCEY,,-1.2210913
208,208,Y11W,Y11W,QDKCKKVYENYPVSKCQLANQCNYDCKLDKHARSGECFYDEKGNLQCICDYCEY,,0.19380394
209,209,P12A,P12A,QDKCKKVYENYPVSKCQLANQCNYDCKLDKHARSGECFYDEKGNLQCICDYCEY,,-0.7870971
210,210,P12C,P12C,QDKCKKVYENYPVSKCQLANQCNYDCKLDKHARSGECFYDEKGNLQCICDYCEY,,-3.750037
211,211,P12D,P12D,QDKCKKVYENYPVSKCQLANQCNYDCKLDKHARSGECFYDEKGNLQCICDYCEY,,0.17482889
212,212,P12E,P12E,QDKCKKVYENYPVSKCQLANQCNYDCKLDKHARSGECFYDEKGNLQCICDYCEY,,-0.7192709
213,213,P12F,P12F,QDKCKKVYENYPVSKCQLANQCNYDCKLDKHARSGECFYDEKGNLQCICDYCEY,,-0.48509088
214,214,P12G,P12G,QDKCKKVYENYPVSKCQLANQCNYDCKLDKHARSGECFYDEKGNLQCICDYCEY,,-0.9047331
215,215,P12H,P12H,QDKCKKVYENYPVSKCQLANQCNYDCKLDKHARSGECFYDEKGNLQCICDYCEY,,-1.4971972
216,216,P12I,P12I,QDKCKKVYENYPVSKCQLANQCNYDCKLDKHARSGECFYDEKGNLQCICDYCEY,,-0.57008165
217,217,P12K,P12K,QDKCKKVYENYPVSKCQLANQCNYDCKLDKHARSGECFYDEKGNLQCICDYCEY,,-1.5147569
218,218,P12L,P12L,QDKCKKVYENYPVSKCQLANQCNYDCKLDKHARSGECFYDEKGNLQCICDYCEY,,-0.13972285
219,219,P12M,P12M,QDKCKKVYENYPVSKCQLANQCNYDCKLDKHARSGECFYDEKGNLQCICDYCEY,,-0.35041234
220,220,P12N,P12N,QDKCKKVYENYPVSKCQLANQCNYDCKLDKHARSGECFYDEKGNLQCICDYCEY,,-0.43318668
221,221,P12Q,P12Q,QDKCKKVYENYPVSKCQLANQCNYDCKLDKHARSGECFYDEKGNLQCICDYCEY,,-1.4950988
222,222,P12R,P12R,QDKCKKVYENYPVSKCQLANQCNYDCKLDKHARSGECFYDEKGNLQCICDYCEY,,-1.2178552
223,223,P12S,P12S,QDKCKKVYENYPVSKCQLANQCNYDCKLDKHARSGECFYDEKGNLQCICDYCEY,,-0.7097306
224,224,P12T,P12T,QDKCKKVYENYPVSKCQLANQCNYDCKLDKHARSGECFYDEKGNLQCICDYCEY,,-0.9106797
225,225,P12V,P12V,QDKCKKVYENYPVSKCQLANQCNYDCKLDKHARSGECFYDEKGNLQCICDYCEY,,-0.6583178
226,226,P12W,P12W,QDKCKKVYENYPVSKCQLANQCNYDCKLDKHARSGECFYDEKGNLQCICDYCEY,,0.3375255
227,227,P12Y,P12Y,QDKCKKVYENYPVSKCQLANQCNYDCKLDKHARSGECFYDEKGNLQCICDYCEY,,-0.31410012
228,228,V13A,V13A,QDKCKKVYENYPVSKCQLANQCNYDCKLDKHARSGECFYDEKGNLQCICDYCEY,,-0.5355742
229,229,V13C,V13C,QDKCKKVYENYPVSKCQLANQCNYDCKLDKHARSGECFYDEKGNLQCICDYCEY,,-3.2543254
230,230,V13D,V13D,QDKCKKVYENYPVSKCQLANQCNYDCKLDKHARSGECFYDEKGNLQCICDYCEY,,-1.3059465
231,231,V13E,V13E,QDKCKKVYENYPVSKCQLANQCNYDCKLDKHARSGECFYDEKGNLQCICDYCEY,,-1.2113991
232,232,V13F,V13F,QDKCKKVYENYPVSKCQLANQCNYDCKLDKHARSGECFYDEKGNLQCICDYCEY,,-0.23282318
233,233,V13G,V13G,QDKCKKVYENYPVSKCQLANQCNYDCKLDKHARSGECFYDEKGNLQCICDYCEY,,-1.0407785
234,234,V13H,V13H,QDKCKKVYENYPVSKCQLANQCNYDCKLDKHARSGECFYDEKGNLQCICDYCEY,,-1.9490235
235,235,V13I,V13I,QDKCKKVYENYPVSKCQLANQCNYDCKLDKHARSGECFYDEKGNLQCICDYCEY,,0.39723954
236,236,V13K,V13K,QDKCKKVYENYPVSKCQLANQCNYDCKLDKHARSGECFYDEKGNLQCICDYCEY,,-1.417166
237,237,V13L,V13L,QDKCKKVYENYPVSKCQLANQCNYDCKLDKHARSGECFYDEKGNLQCICDYCEY,,0.1920339
238,238,V13M,V13M,QDKCKKVYENYPVSKCQLANQCNYDCKLDKHARSGECFYDEKGNLQCICDYCEY,,0.5307169
239,239,V13N,V13N,QDKCKKVYENYPVSKCQLANQCNYDCKLDKHARSGECFYDEKGNLQCICDYCEY,,-1.1679497
240,240,V13P,V13P,QDKCKKVYENYPVSKCQLANQCNYDCKLDKHARSGECFYDEKGNLQCICDYCEY,,-0.38190824
241,241,V13Q,V13Q,QDKCKKVYENYPVSKCQLANQCNYDCKLDKHARSGECFYDEKGNLQCICDYCEY,,-1.6254301
242,242,V13R,V13R,QDKCKKVYENYPVSKCQLANQCNYDCKLDKHARSGECFYDEKGNLQCICDYCEY,,-0.85150754
243,243,V13S,V13S,QDKCKKVYENYPVSKCQLANQCNYDCKLDKHARSGECFYDEKGNLQCICDYCEY,,-1.1709346
244,244,V13T,V13T,QDKCKKVYENYPVSKCQLANQCNYDCKLDKHARSGECFYDEKGNLQCICDYCEY,,-0.97978866
245,245,V13W,V13W,QDKCKKVYENYPVSKCQLANQCNYDCKLDKHARSGECFYDEKGNLQCICDYCEY,,0.24883266
246,246,V13Y,V13Y,QDKCKKVYENYPVSKCQLANQCNYDCKLDKHARSGECFYDEKGNLQCICDYCEY,,0.036648244
247,247,S14A,S14A,QDKCKKVYENYPVSKCQLANQCNYDCKLDKHARSGECFYDEKGNLQCICDYCEY,,-0.18520512
248,248,S14C,S14C,QDKCKKVYENYPVSKCQLANQCNYDCKLDKHARSGECFYDEKGNLQCICDYCEY,,-3.550521
249,249,S14D,S14D,QDKCKKVYENYPVSKCQLANQCNYDCKLDKHARSGECFYDEKGNLQCICDYCEY,,0.49530667
250,250,S14E,S14E,QDKCKKVYENYPVSKCQLANQCNYDCKLDKHARSGECFYDEKGNLQCICDYCEY,,0.37222376
251,251,S14F,S14F,QDKCKKVYENYPVSKCQLANQCNYDCKLDKHARSGECFYDEKGNLQCICDYCEY,,-1.4698353
252,252,S14G,S14G,QDKCKKVYENYPVSKCQLANQCNYDCKLDKHARSGECFYDEKGNLQCICDYCEY,,-0.9444518
253,253,S14H,S14H,QDKCKKVYENYPVSKCQLANQCNYDCKLDKHARSGECFYDEKGNLQCICDYCEY,,-0.90127563
254,254,S14I,S14I,QDKCKKVYENYPVSKCQLANQCNYDCKLDKHARSGECFYDEKGNLQCICDYCEY,,-1.1242522
255,255,S14K,S14K,QDKCKKVYENYPVSKCQLANQCNYDCKLDKHARSGECFYDEKGNLQCICDYCEY,,-0.45280734
256,256,S14L,S14L,QDKCKKVYENYPVSKCQLANQCNYDCKLDKHARSGECFYDEKGNLQCICDYCEY,,-0.990549
257,257,S14M,S14M,QDKCKKVYENYPVSKCQLANQCNYDCKLDKHARSGECFYDEKGNLQCICDYCEY,,-0.5825015
258,258,S14N,S14N,QDKCKKVYENYPVSKCQLANQCNYDCKLDKHARSGECFYDEKGNLQCICDYCEY,,-0.17311189
259,259,S14P,S14P,QDKCKKVYENYPVSKCQLANQCNYDCKLDKHARSGECFYDEKGNLQCICDYCEY,,-0.36437422
260,260,S14Q,S14Q,QDKCKKVYENYPVSKCQLANQCNYDCKLDKHARSGECFYDEKGNLQCICDYCEY,,-0.96373856
261,261,S14R,S14R,QDKCKKVYENYPVSKCQLANQCNYDCKLDKHARSGECFYDEKGNLQCICDYCEY,,-0.76031184
262,262,S14T,S14T,QDKCKKVYENYPVSKCQLANQCNYDCKLDKHARSGECFYDEKGNLQCICDYCEY,,-0.17512836
263,263,S14V,S14V,QDKCKKVYENYPVSKCQLANQCNYDCKLDKHARSGECFYDEKGNLQCICDYCEY,,-0.84190816
264,264,S14W,S14W,QDKCKKVYENYPVSKCQLANQCNYDCKLDKHARSGECFYDEKGNLQCICDYCEY,,-0.24911135
265,265,S14Y,S14Y,QDKCKKVYENYPVSKCQLANQCNYDCKLDKHARSGECFYDEKGNLQCICDYCEY,,-0.48245123
266,266,K15A,K15A,QDKCKKVYENYPVSKCQLANQCNYDCKLDKHARSGECFYDEKGNLQCICDYCEY,,-0.55914253
267,267,K15C,K15C,QDKCKKVYENYPVSKCQLANQCNYDCKLDKHARSGECFYDEKGNLQCICDYCEY,,-3.1249247
268,268,K15D,K15D,QDKCKKVYENYPVSKCQLANQCNYDCKLDKHARSGECFYDEKGNLQCICDYCEY,,0.26108804
269,269,K15E,K15E,QDKCKKVYENYPVSKCQLANQCNYDCKLDKHARSGECFYDEKGNLQCICDYCEY,,0.52676594
270,270,K15F,K15F,QDKCKKVYENYPVSKCQLANQCNYDCKLDKHARSGECFYDEKGNLQCICDYCEY,,-1.4761384
271,271,K15G,K15G,QDKCKKVYENYPVSKCQLANQCNYDCKLDKHARSGECFYDEKGNLQCICDYCEY,,-1.0906079
272,272,K15H,K15H,QDKCKKVYENYPVSKCQLANQCNYDCKLDKHARSGECFYDEKGNLQCICDYCEY,,-0.5378091
273,273,K15I,K15I,QDKCKKVYENYPVSKCQLANQCNYDCKLDKHARSGECFYDEKGNLQCICDYCEY,,-1.0047021
274,274,K15L,K15L,QDKCKKVYENYPVSKCQLANQCNYDCKLDKHARSGECFYDEKGNLQCICDYCEY,,-0.7006663
275,275,K15M,K15M,QDKCKKVYENYPVSKCQLANQCNYDCKLDKHARSGECFYDEKGNLQCICDYCEY,,0.096405625
276,276,K15N,K15N,QDKCKKVYENYPVSKCQLANQCNYDCKLDKHARSGECFYDEKGNLQCICDYCEY,,0.18657506
277,277,K15P,K15P,QDKCKKVYENYPVSKCQLANQCNYDCKLDKHARSGECFYDEKGNLQCICDYCEY,,-0.7857494
278,278,K15Q,K15Q,QDKCKKVYENYPVSKCQLANQCNYDCKLDKHARSGECFYDEKGNLQCICDYCEY,,0.37903124
279,279,K15R,K15R,QDKCKKVYENYPVSKCQLANQCNYDCKLDKHARSGECFYDEKGNLQCICDYCEY,,-0.5649453
280,280,K15S,K15S,QDKCKKVYENYPVSKCQLANQCNYDCKLDKHARSGECFYDEKGNLQCICDYCEY,,0.03268966
281,281,K15T,K15T,QDKCKKVYENYPVSKCQLANQCNYDCKLDKHARSGECFYDEKGNLQCICDYCEY,,-0.26072207
282,282,K15V,K15V,QDKCKKVYENYPVSKCQLANQCNYDCKLDKHARSGECFYDEKGNLQCICDYCEY,,-0.6980087
283,283,K15W,K15W,QDKCKKVYENYPVSKCQLANQCNYDCKLDKHARSGECFYDEKGNLQCICDYCEY,,-0.94618803
284,284,K15Y,K15Y,QDKCKKVYENYPVSKCQLANQCNYDCKLDKHARSGECFYDEKGNLQCICDYCEY,,-0.57968235
285,285,C16A,C16A,QDKCKKVYENYPVSKCQLANQCNYDCKLDKHARSGECFYDEKGNLQCICDYCEY,,-3.490271
286,286,C16D,C16D,QDKCKKVYENYPVSKCQLANQCNYDCKLDKHARSGECFYDEKGNLQCICDYCEY,,-3.3322988
287,287,C16E,C16E,QDKCKKVYENYPVSKCQLANQCNYDCKLDKHARSGECFYDEKGNLQCICDYCEY,,-3.2392616
288,288,C16F,C16F,QDKCKKVYENYPVSKCQLANQCNYDCKLDKHARSGECFYDEKGNLQCICDYCEY,,-3.5715468
289,289,C16G,C16G,QDKCKKVYENYPVSKCQLANQCNYDCKLDKHARSGECFYDEKGNLQCICDYCEY,,-3.5215669
290,290,C16H,C16H,QDKCKKVYENYPVSKCQLANQCNYDCKLDKHARSGECFYDEKGNLQCICDYCEY,,-3.6501894
291,291,C16I,C16I,QDKCKKVYENYPVSKCQLANQCNYDCKLDKHARSGECFYDEKGNLQCICDYCEY,,-3.5741723
292,292,C16K,C16K,QDKCKKVYENYPVSKCQLANQCNYDCKLDKHARSGECFYDEKGNLQCICDYCEY,,-3.5125532
293,293,C16L,C16L,QDKCKKVYENYPVSKCQLANQCNYDCKLDKHARSGECFYDEKGNLQCICDYCEY,,-3.444511
294,294,C16M,C16M,QDKCKKVYENYPVSKCQLANQCNYDCKLDKHARSGECFYDEKGNLQCICDYCEY,,-3.3447428
295,295,C16N,C16N,QDKCKKVYENYPVSKCQLANQCNYDCKLDKHARSGECFYDEKGNLQCICDYCEY,,-3.3919683
296,296,C16P,C16P,QDKCKKVYENYPVSKCQLANQCNYDCKLDKHARSGECFYDEKGNLQCICDYCEY,,-3.6510339
297,297,C16Q,C16Q,QDKCKKVYENYPVSKCQLANQCNYDCKLDKHARSGECFYDEKGNLQCICDYCEY,,-3.4081583
298,298,C16R,C16R,QDKCKKVYENYPVSKCQLANQCNYDCKLDKHARSGECFYDEKGNLQCICDYCEY,,-3.5176551
299,299,C16S,C16S,QDKCKKVYENYPVSKCQLANQCNYDCKLDKHARSGECFYDEKGNLQCICDYCEY,,-3.5082693
300,300,C16T,C16T,QDKCKKVYENYPVSKCQLANQCNYDCKLDKHARSGECFYDEKGNLQCICDYCEY,,-3.5917573
301,301,C16V,C16V,QDKCKKVYENYPVSKCQLANQCNYDCKLDKHARSGECFYDEKGNLQCICDYCEY,,-3.6849594
302,302,C16W,C16W,QDKCKKVYENYPVSKCQLANQCNYDCKLDKHARSGECFYDEKGNLQCICDYCEY,,-3.3331704
303,303,C16Y,C16Y,QDKCKKVYENYPVSKCQLANQCNYDCKLDKHARSGECFYDEKGNLQCICDYCEY,,-3.45305
304,304,Q17A,Q17A,QDKCKKVYENYPVSKCQLANQCNYDCKLDKHARSGECFYDEKGNLQCICDYCEY,,-0.16035016
305,305,Q17C,Q17C,QDKCKKVYENYPVSKCQLANQCNYDCKLDKHARSGECFYDEKGNLQCICDYCEY,,-2.850728
306,306,Q17D,Q17D,QDKCKKVYENYPVSKCQLANQCNYDCKLDKHARSGECFYDEKGNLQCICDYCEY,,0.5831061
307,307,Q17E,Q17E,QDKCKKVYENYPVSKCQLANQCNYDCKLDKHARSGECFYDEKGNLQCICDYCEY,,0.33378196
308,308,Q17F,Q17F,QDKCKKVYENYPVSKCQLANQCNYDCKLDKHARSGECFYDEKGNLQCICDYCEY,,-0.24952161
309,309,Q17G,Q17G,QDKCKKVYENYPVSKCQLANQCNYDCKLDKHARSGECFYDEKGNLQCICDYCEY,,-0.49797082
310,310,Q17H,Q17H,QDKCKKVYENYPVSKCQLANQCNYDCKLDKHARSGECFYDEKGNLQCICDYCEY,,-0.127099
311,311,Q17I,Q17I,QDKCKKVYENYPVSKCQLANQCNYDCKLDKHARSGECFYDEKGNLQCICDYCEY,,0.04659685
312,312,Q17K,Q17K,QDKCKKVYENYPVSKCQLANQCNYDCKLDKHARSGECFYDEKGNLQCICDYCEY,,-0.07192123
313,313,Q17L,Q17L,QDKCKKVYENYPVSKCQLANQCNYDCKLDKHARSGECFYDEKGNLQCICDYCEY,,0.30770695
314,314,Q17M,Q17M,QDKCKKVYENYPVSKCQLANQCNYDCKLDKHARSGECFYDEKGNLQCICDYCEY,,0.31024894
315,315,Q17N,Q17N,QDKCKKVYENYPVSKCQLANQCNYDCKLDKHARSGECFYDEKGNLQCICDYCEY,,0.45915705
316,316,Q17P,Q17P,QDKCKKVYENYPVSKCQLANQCNYDCKLDKHARSGECFYDEKGNLQCICDYCEY,,0.1158448
317,317,Q17R,Q17R,QDKCKKVYENYPVSKCQLANQCNYDCKLDKHARSGECFYDEKGNLQCICDYCEY,,-0.38697293
318,318,Q17S,Q17S,QDKCKKVYENYPVSKCQLANQCNYDCKLDKHARSGECFYDEKGNLQCICDYCEY,,0.059974626
319,319,Q17T,Q17T,QDKCKKVYENYPVSKCQLANQCNYDCKLDKHARSGECFYDEKGNLQCICDYCEY,,0.33390236
320,320,Q17V,Q17V,QDKCKKVYENYPVSKCQLANQCNYDCKLDKHARSGECFYDEKGNLQCICDYCEY,,-0.388546
321,321,Q17W,Q17W,QDKCKKVYENYPVSKCQLANQCNYDCKLDKHARSGECFYDEKGNLQCICDYCEY,,-0.1102345
322,322,Q17Y,Q17Y,QDKCKKVYENYPVSKCQLANQCNYDCKLDKHARSGECFYDEKGNLQCICDYCEY,,0.22429922
323,323,L18A,L18A,QDKCKKVYENYPVSKCQLANQCNYDCKLDKHARSGECFYDEKGNLQCICDYCEY,,-0.8199554
324,324,L18C,L18C,QDKCKKVYENYPVSKCQLANQCNYDCKLDKHARSGECFYDEKGNLQCICDYCEY,,-3.15093
325,325,L18D,L18D,QDKCKKVYENYPVSKCQLANQCNYDCKLDKHARSGECFYDEKGNLQCICDYCEY,,0.29064178
326,326,L18E,L18E,QDKCKKVYENYPVSKCQLANQCNYDCKLDKHARSGECFYDEKGNLQCICDYCEY,,-0.124910355
327,327,L18F,L18F,QDKCKKVYENYPVSKCQLANQCNYDCKLDKHARSGECFYDEKGNLQCICDYCEY,,-0.47352332
328,328,L18G,L18G,QDKCKKVYENYPVSKCQLANQCNYDCKLDKHARSGECFYDEKGNLQCICDYCEY,,-1.1076745
329,329,L18H,L18H,QDKCKKVYENYPVSKCQLANQCNYDCKLDKHARSGECFYDEKGNLQCICDYCEY,,-0.90024114
330,330,L18I,L18I,QDKCKKVYENYPVSKCQLANQCNYDCKLDKHARSGECFYDEKGNLQCICDYCEY,,-0.49040437
331,331,L18K,L18K,QDKCKKVYENYPVSKCQLANQCNYDCKLDKHARSGECFYDEKGNLQCICDYCEY,,-0.69910747
332,332,L18M,L18M,QDKCKKVYENYPVSKCQLANQCNYDCKLDKHARSGECFYDEKGNLQCICDYCEY,,-0.049861282
333,333,L18N,L18N,QDKCKKVYENYPVSKCQLANQCNYDCKLDKHARSGECFYDEKGNLQCICDYCEY,,0.81780916
334,334,L18P,L18P,QDKCKKVYENYPVSKCQLANQCNYDCKLDKHARSGECFYDEKGNLQCICDYCEY,,-1.4314871
335,335,L18Q,L18Q,QDKCKKVYENYPVSKCQLANQCNYDCKLDKHARSGECFYDEKGNLQCICDYCEY,,-0.5035716
336,336,L18R,L18R,QDKCKKVYENYPVSKCQLANQCNYDCKLDKHARSGECFYDEKGNLQCICDYCEY,,-0.9363183
337,337,L18S,L18S,QDKCKKVYENYPVSKCQLANQCNYDCKLDKHARSGECFYDEKGNLQCICDYCEY,,0.6406146
338,338,L18T,L18T,QDKCKKVYENYPVSKCQLANQCNYDCKLDKHARSGECFYDEKGNLQCICDYCEY,,0.44872215
339,339,L18V,L18V,QDKCKKVYENYPVSKCQLANQCNYDCKLDKHARSGECFYDEKGNLQCICDYCEY,,-0.4228823
340,340,L18W,L18W,QDKCKKVYENYPVSKCQLANQCNYDCKLDKHARSGECFYDEKGNLQCICDYCEY,,-0.43680963
341,341,L18Y,L18Y,QDKCKKVYENYPVSKCQLANQCNYDCKLDKHARSGECFYDEKGNLQCICDYCEY,,0.09870136
342,342,A19C,A19C,QDKCKKVYENYPVSKCQLANQCNYDCKLDKHARSGECFYDEKGNLQCICDYCEY,,-2.450169
343,343,A19D,A19D,QDKCKKVYENYPVSKCQLANQCNYDCKLDKHARSGECFYDEKGNLQCICDYCEY,,0.3339951
344,344,A19E,A19E,QDKCKKVYENYPVSKCQLANQCNYDCKLDKHARSGECFYDEKGNLQCICDYCEY,,-0.25048628
345,345,A19F,A19F,QDKCKKVYENYPVSKCQLANQCNYDCKLDKHARSGECFYDEKGNLQCICDYCEY,,0.16130185
346,346,A19G,A19G,QDKCKKVYENYPVSKCQLANQCNYDCKLDKHARSGECFYDEKGNLQCICDYCEY,,-1.2794288
347,347,A19H,A19H,QDKCKKVYENYPVSKCQLANQCNYDCKLDKHARSGECFYDEKGNLQCICDYCEY,,0.13179041
348,348,A19I,A19I,QDKCKKVYENYPVSKCQLANQCNYDCKLDKHARSGECFYDEKGNLQCICDYCEY,,0.3930443
349,349,A19K,A19K,QDKCKKVYENYPVSKCQLANQCNYDCKLDKHARSGECFYDEKGNLQCICDYCEY,,-0.10583523
350,350,A19L,A19L,QDKCKKVYENYPVSKCQLANQCNYDCKLDKHARSGECFYDEKGNLQCICDYCEY,,0.2398879
351,351,A19M,A19M,QDKCKKVYENYPVSKCQLANQCNYDCKLDKHARSGECFYDEKGNLQCICDYCEY,,0.44482172
352,352,A19N,A19N,QDKCKKVYENYPVSKCQLANQCNYDCKLDKHARSGECFYDEKGNLQCICDYCEY,,0.8763622
353,353,A19P,A19P,QDKCKKVYENYPVSKCQLANQCNYDCKLDKHARSGECFYDEKGNLQCICDYCEY,,0.3002681
354,354,A19Q,A19Q,QDKCKKVYENYPVSKCQLANQCNYDCKLDKHARSGECFYDEKGNLQCICDYCEY,,-0.26611495
355,355,A19R,A19R,QDKCKKVYENYPVSKCQLANQCNYDCKLDKHARSGECFYDEKGNLQCICDYCEY,,-0.14259568
356,356,A19S,A19S,QDKCKKVYENYPVSKCQLANQCNYDCKLDKHARSGECFYDEKGNLQCICDYCEY,,0.3997107
357,357,A19T,A19T,QDKCKKVYENYPVSKCQLANQCNYDCKLDKHARSGECFYDEKGNLQCICDYCEY,,-0.11013354
358,358,A19V,A19V,QDKCKKVYENYPVSKCQLANQCNYDCKLDKHARSGECFYDEKGNLQCICDYCEY,,0.14455585
359,359,A19W,A19W,QDKCKKVYENYPVSKCQLANQCNYDCKLDKHARSGECFYDEKGNLQCICDYCEY,,-0.037909023
360,360,A19Y,A19Y,QDKCKKVYENYPVSKCQLANQCNYDCKLDKHARSGECFYDEKGNLQCICDYCEY,,0.3036257
361,361,N20A,N20A,QDKCKKVYENYPVSKCQLANQCNYDCKLDKHARSGECFYDEKGNLQCICDYCEY,,-0.5459515
362,362,N20C,N20C,QDKCKKVYENYPVSKCQLANQCNYDCKLDKHARSGECFYDEKGNLQCICDYCEY,,-2.9776397
363,363,N20D,N20D,QDKCKKVYENYPVSKCQLANQCNYDCKLDKHARSGECFYDEKGNLQCICDYCEY,,0.28918323
364,364,N20E,N20E,QDKCKKVYENYPVSKCQLANQCNYDCKLDKHARSGECFYDEKGNLQCICDYCEY,,0.17377979
365,365,N20F,N20F,QDKCKKVYENYPVSKCQLANQCNYDCKLDKHARSGECFYDEKGNLQCICDYCEY,,0.0060088113
366,366,N20G,N20G,QDKCKKVYENYPVSKCQLANQCNYDCKLDKHARSGECFYDEKGNLQCICDYCEY,,-0.9578042
367,367,N20H,N20H,QDKCKKVYENYPVSKCQLANQCNYDCKLDKHARSGECFYDEKGNLQCICDYCEY,,-0.5331047
368,368,N20I,N20I,QDKCKKVYENYPVSKCQLANQCNYDCKLDKHARSGECFYDEKGNLQCICDYCEY,,0.2946974
369,369,N20K,N20K,QDKCKKVYENYPVSKCQLANQCNYDCKLDKHARSGECFYDEKGNLQCICDYCEY,,-0.5317279
370,370,N20L,N20L,QDKCKKVYENYPVSKCQLANQCNYDCKLDKHARSGECFYDEKGNLQCICDYCEY,,-0.07943124
371,371,N20M,N20M,QDKCKKVYENYPVSKCQLANQCNYDCKLDKHARSGECFYDEKGNLQCICDYCEY,,0.23208265
372,372,N20P,N20P,QDKCKKVYENYPVSKCQLANQCNYDCKLDKHARSGECFYDEKGNLQCICDYCEY,,-1.33191
373,373,N20Q,N20Q,QDKCKKVYENYPVSKCQLANQCNYDCKLDKHARSGECFYDEKGNLQCICDYCEY,,-0.609326
374,374,N20R,N20R,QDKCKKVYENYPVSKCQLANQCNYDCKLDKHARSGECFYDEKGNLQCICDYCEY,,-0.38818252
375,375,N20S,N20S,QDKCKKVYENYPVSKCQLANQCNYDCKLDKHARSGECFYDEKGNLQCICDYCEY,,0.007221669
376,376,N20T,N20T,QDKCKKVYENYPVSKCQLANQCNYDCKLDKHARSGECFYDEKGNLQCICDYCEY,,-0.18367475
377,377,N20V,N20V,QDKCKKVYENYPVSKCQLANQCNYDCKLDKHARSGECFYDEKGNLQCICDYCEY,,0.030157834
378,378,N20W,N20W,QDKCKKVYENYPVSKCQLANQCNYDCKLDKHARSGECFYDEKGNLQCICDYCEY,,-0.35681483
379,379,N20Y,N20Y,QDKCKKVYENYPVSKCQLANQCNYDCKLDKHARSGECFYDEKGNLQCICDYCEY,,0.21777381
380,380,Q21A,Q21A,QDKCKKVYENYPVSKCQLANQCNYDCKLDKHARSGECFYDEKGNLQCICDYCEY,,-1.0712206
381,381,Q21C,Q21C,QDKCKKVYENYPVSKCQLANQCNYDCKLDKHARSGECFYDEKGNLQCICDYCEY,,-2.2642193
382,382,Q21D,Q21D,QDKCKKVYENYPVSKCQLANQCNYDCKLDKHARSGECFYDEKGNLQCICDYCEY,,0.6924174
383,383,Q21E,Q21E,QDKCKKVYENYPVSKCQLANQCNYDCKLDKHARSGECFYDEKGNLQCICDYCEY,,0.094160184
384,384,Q21F,Q21F,QDKCKKVYENYPVSKCQLANQCNYDCKLDKHARSGECFYDEKGNLQCICDYCEY,,-2.0387359
385,385,Q21G,Q21G,QDKCKKVYENYPVSKCQLANQCNYDCKLDKHARSGECFYDEKGNLQCICDYCEY,,-1.3291006
386,386,Q21H,Q21H,QDKCKKVYENYPVSKCQLANQCNYDCKLDKHARSGECFYDEKGNLQCICDYCEY,,-1.7160863
387,387,Q21I,Q21I,QDKCKKVYENYPVSKCQLANQCNYDCKLDKHARSGECFYDEKGNLQCICDYCEY,,-1.2443684
388,388,Q21K,Q21K,QDKCKKVYENYPVSKCQLANQCNYDCKLDKHARSGECFYDEKGNLQCICDYCEY,,-0.5266013
389,389,Q21L,Q21L,QDKCKKVYENYPVSKCQLANQCNYDCKLDKHARSGECFYDEKGNLQCICDYCEY,,-1.159955
390,390,Q21M,Q21M,QDKCKKVYENYPVSKCQLANQCNYDCKLDKHARSGECFYDEKGNLQCICDYCEY,,-0.28489223
391,391,Q21N,Q21N,QDKCKKVYENYPVSKCQLANQCNYDCKLDKHARSGECFYDEKGNLQCICDYCEY,,-0.7217466
392,392,Q21P,Q21P,QDKCKKVYENYPVSKCQLANQCNYDCKLDKHARSGECFYDEKGNLQCICDYCEY,,-0.7378855
393,393,Q21R,Q21R,QDKCKKVYENYPVSKCQLANQCNYDCKLDKHARSGECFYDEKGNLQCICDYCEY,,-0.93644416
394,394,Q21S,Q21S,QDKCKKVYENYPVSKCQLANQCNYDCKLDKHARSGECFYDEKGNLQCICDYCEY,,-0.8077076
395,395,Q21T,Q21T,QDKCKKVYENYPVSKCQLANQCNYDCKLDKHARSGECFYDEKGNLQCICDYCEY,,-1.0072302
396,396,Q21V,Q21V,QDKCKKVYENYPVSKCQLANQCNYDCKLDKHARSGECFYDEKGNLQCICDYCEY,,-1.0790913
397,397,Q21W,Q21W,QDKCKKVYENYPVSKCQLANQCNYDCKLDKHARSGECFYDEKGNLQCICDYCEY,,-0.589687
398,398,Q21Y,Q21Y,QDKCKKVYENYPVSKCQLANQCNYDCKLDKHARSGECFYDEKGNLQCICDYCEY,,-1.0073954
399,399,C22A,C22A,QDKCKKVYENYPVSKCQLANQCNYDCKLDKHARSGECFYDEKGNLQCICDYCEY,,-3.7624476
400,400,C22D,C22D,QDKCKKVYENYPVSKCQLANQCNYDCKLDKHARSGECFYDEKGNLQCICDYCEY,,-2.989754
401,401,C22E,C22E,QDKCKKVYENYPVSKCQLANQCNYDCKLDKHARSGECFYDEKGNLQCICDYCEY,,-3.650342
402,402,C22F,C22F,QDKCKKVYENYPVSKCQLANQCNYDCKLDKHARSGECFYDEKGNLQCICDYCEY,,-3.3925567
403,403,C22G,C22G,QDKCKKVYENYPVSKCQLANQCNYDCKLDKHARSGECFYDEKGNLQCICDYCEY,,-3.5506985
404,404,C22H,C22H,QDKCKKVYENYPVSKCQLANQCNYDCKLDKHARSGECFYDEKGNLQCICDYCEY,,-3.479077
405,405,C22I,C22I,QDKCKKVYENYPVSKCQLANQCNYDCKLDKHARSGECFYDEKGNLQCICDYCEY,,-3.4168477
406,406,C22K,C22K,QDKCKKVYENYPVSKCQLANQCNYDCKLDKHARSGECFYDEKGNLQCICDYCEY,,-3.3604908
407,407,C22L,C22L,QDKCKKVYENYPVSKCQLANQCNYDCKLDKHARSGECFYDEKGNLQCICDYCEY,,-3.8913066
408,408,C22M,C22M,QDKCKKVYENYPVSKCQLANQCNYDCKLDKHARSGECFYDEKGNLQCICDYCEY,,-3.0157518
409,409,C22N,C22N,QDKCKKVYENYPVSKCQLANQCNYDCKLDKHARSGECFYDEKGNLQCICDYCEY,,-3.2076182
410,410,C22P,C22P,QDKCKKVYENYPVSKCQLANQCNYDCKLDKHARSGECFYDEKGNLQCICDYCEY,,-3.244031
411,411,C22Q,C22Q,QDKCKKVYENYPVSKCQLANQCNYDCKLDKHARSGECFYDEKGNLQCICDYCEY,,-3.6860628
412,412,C22R,C22R,QDKCKKVYENYPVSKCQLANQCNYDCKLDKHARSGECFYDEKGNLQCICDYCEY,,-2.8176093
413,413,C22S,C22S,QDKCKKVYENYPVSKCQLANQCNYDCKLDKHARSGECFYDEKGNLQCICDYCEY,,-3.8593698
414,414,C22T,C22T,QDKCKKVYENYPVSKCQLANQCNYDCKLDKHARSGECFYDEKGNLQCICDYCEY,,-3.9223707
415,415,C22V,C22V,QDKCKKVYENYPVSKCQLANQCNYDCKLDKHARSGECFYDEKGNLQCICDYCEY,,-3.4454618
416,416,C22W,C22W,QDKCKKVYENYPVSKCQLANQCNYDCKLDKHARSGECFYDEKGNLQCICDYCEY,,-2.752703
417,417,C22Y,C22Y,QDKCKKVYENYPVSKCQLANQCNYDCKLDKHARSGECFYDEKGNLQCICDYCEY,,-2.9692004
418,418,N23A,N23A,QDKCKKVYENYPVSKCQLANQCNYDCKLDKHARSGECFYDEKGNLQCICDYCEY,,-0.7887627
419,419,N23C,N23C,QDKCKKVYENYPVSKCQLANQCNYDCKLDKHARSGECFYDEKGNLQCICDYCEY,,-1.3014107
420,420,N23D,N23D,QDKCKKVYENYPVSKCQLANQCNYDCKLDKHARSGECFYDEKGNLQCICDYCEY,,-0.17931347
421,421,N23E,N23E,QDKCKKVYENYPVSKCQLANQCNYDCKLDKHARSGECFYDEKGNLQCICDYCEY,,0.41109216
422,422,N23F,N23F,QDKCKKVYENYPVSKCQLANQCNYDCKLDKHARSGECFYDEKGNLQCICDYCEY,,0.19570547
423,423,N23G,N23G,QDKCKKVYENYPVSKCQLANQCNYDCKLDKHARSGECFYDEKGNLQCICDYCEY,,-2.5217726
424,424,N23H,N23H,QDKCKKVYENYPVSKCQLANQCNYDCKLDKHARSGECFYDEKGNLQCICDYCEY,,-0.9454451
425,425,N23I,N23I,QDKCKKVYENYPVSKCQLANQCNYDCKLDKHARSGECFYDEKGNLQCICDYCEY,,0.34777835
426,426,N23K,N23K,QDKCKKVYENYPVSKCQLANQCNYDCKLDKHARSGECFYDEKGNLQCICDYCEY,,-0.45405346
427,427,N23L,N23L,QDKCKKVYENYPVSKCQLANQCNYDCKLDKHARSGECFYDEKGNLQCICDYCEY,,0.6537844
428,428,N23M,N23M,QDKCKKVYENYPVSKCQLANQCNYDCKLDKHARSGECFYDEKGNLQCICDYCEY,,1.0668643
429,429,N23P,N23P,QDKCKKVYENYPVSKCQLANQCNYDCKLDKHARSGECFYDEKGNLQCICDYCEY,,-2.31875
430,430,N23Q,N23Q,QDKCKKVYENYPVSKCQLANQCNYDCKLDKHARSGECFYDEKGNLQCICDYCEY,,0.028240576
431,431,N23R,N23R,QDKCKKVYENYPVSKCQLANQCNYDCKLDKHARSGECFYDEKGNLQCICDYCEY,,-0.11834699
432,432,N23S,N23S,QDKCKKVYENYPVSKCQLANQCNYDCKLDKHARSGECFYDEKGNLQCICDYCEY,,-0.5988247
433,433,N23T,N23T,QDKCKKVYENYPVSKCQLANQCNYDCKLDKHARSGECFYDEKGNLQCICDYCEY,,-0.76486725
434,434,N23V,N23V,QDKCKKVYENYPVSKCQLANQCNYDCKLDKHARSGECFYDEKGNLQCICDYCEY,,0.22466439
435,435,N23W,N23W,QDKCKKVYENYPVSKCQLANQCNYDCKLDKHARSGECFYDEKGNLQCICDYCEY,,0.6608708
436,436,N23Y,N23Y,QDKCKKVYENYPVSKCQLANQCNYDCKLDKHARSGECFYDEKGNLQCICDYCEY,,0.030874014
437,437,Y24A,Y24A,QDKCKKVYENYPVSKCQLANQCNYDCKLDKHARSGECFYDEKGNLQCICDYCEY,,-0.23003285
438,438,Y24C,Y24C,QDKCKKVYENYPVSKCQLANQCNYDCKLDKHARSGECFYDEKGNLQCICDYCEY,,-2.5672572
439,439,Y24D,Y24D,QDKCKKVYENYPVSKCQLANQCNYDCKLDKHARSGECFYDEKGNLQCICDYCEY,,0.038346335
440,440,Y24E,Y24E,QDKCKKVYENYPVSKCQLANQCNYDCKLDKHARSGECFYDEKGNLQCICDYCEY,,0.18602438
441,441,Y24F,Y24F,QDKCKKVYENYPVSKCQLANQCNYDCKLDKHARSGECFYDEKGNLQCICDYCEY,,-0.91815764
442,442,Y24G,Y24G,QDKCKKVYENYPVSKCQLANQCNYDCKLDKHARSGECFYDEKGNLQCICDYCEY,,-1.8127062
443,443,Y24H,Y24H,QDKCKKVYENYPVSKCQLANQCNYDCKLDKHARSGECFYDEKGNLQCICDYCEY,,-0.902019
444,444,Y24I,Y24I,QDKCKKVYENYPVSKCQLANQCNYDCKLDKHARSGECFYDEKGNLQCICDYCEY,,-0.81044084
445,445,Y24K,Y24K,QDKCKKVYENYPVSKCQLANQCNYDCKLDKHARSGECFYDEKGNLQCICDYCEY,,-0.6739259
446,446,Y24L,Y24L,QDKCKKVYENYPVSKCQLANQCNYDCKLDKHARSGECFYDEKGNLQCICDYCEY,,-0.39097255
447,447,Y24M,Y24M,QDKCKKVYENYPVSKCQLANQCNYDCKLDKHARSGECFYDEKGNLQCICDYCEY,,0.1831386
448,448,Y24N,Y24N,QDKCKKVYENYPVSKCQLANQCNYDCKLDKHARSGECFYDEKGNLQCICDYCEY,,-0.37461042
449,449,Y24P,Y24P,QDKCKKVYENYPVSKCQLANQCNYDCKLDKHARSGECFYDEKGNLQCICDYCEY,,-2.4633613
450,450,Y24Q,Y24Q,QDKCKKVYENYPVSKCQLANQCNYDCKLDKHARSGECFYDEKGNLQCICDYCEY,,-0.2507259
451,451,Y24R,Y24R,QDKCKKVYENYPVSKCQLANQCNYDCKLDKHARSGECFYDEKGNLQCICDYCEY,,0.0053238124
452,452,Y24S,Y24S,QDKCKKVYENYPVSKCQLANQCNYDCKLDKHARSGECFYDEKGNLQCICDYCEY,,-0.8806584
453,453,Y24T,Y24T,QDKCKKVYENYPVSKCQLANQCNYDCKLDKHARSGECFYDEKGNLQCICDYCEY,,-1.6348162
454,454,Y24V,Y24V,QDKCKKVYENYPVSKCQLANQCNYDCKLDKHARSGECFYDEKGNLQCICDYCEY,,-1.1420627
455,455,Y24W,Y24W,QDKCKKVYENYPVSKCQLANQCNYDCKLDKHARSGECFYDEKGNLQCICDYCEY,,-0.34982434
456,456,D25A,D25A,QDKCKKVYENYPVSKCQLANQCNYDCKLDKHARSGECFYDEKGNLQCICDYCEY,,0.20931388
457,457,D25C,D25C,QDKCKKVYENYPVSKCQLANQCNYDCKLDKHARSGECFYDEKGNLQCICDYCEY,,-0.7912503
458,458,D25E,D25E,QDKCKKVYENYPVSKCQLANQCNYDCKLDKHARSGECFYDEKGNLQCICDYCEY,,0.57626116
459,459,D25F,D25F,QDKCKKVYENYPVSKCQLANQCNYDCKLDKHARSGECFYDEKGNLQCICDYCEY,,1.5735723
460,460,D25G,D25G,QDKCKKVYENYPVSKCQLANQCNYDCKLDKHARSGECFYDEKGNLQCICDYCEY,,-1.4899755
461,461,D25H,D25H,QDKCKKVYENYPVSKCQLANQCNYDCKLDKHARSGECFYDEKGNLQCICDYCEY,,0.808308
462,462,D25I,D25I,QDKCKKVYENYPVSKCQLANQCNYDCKLDKHARSGECFYDEKGNLQCICDYCEY,,1.796948
463,463,D25K,D25K,QDKCKKVYENYPVSKCQLANQCNYDCKLDKHARSGECFYDEKGNLQCICDYCEY,,1.0004265
464,464,D25L,D25L,QDKCKKVYENYPVSKCQLANQCNYDCKLDKHARSGECFYDEKGNLQCICDYCEY,,1.9755179
465,465,D25M,D25M,QDKCKKVYENYPVSKCQLANQCNYDCKLDKHARSGECFYDEKGNLQCICDYCEY,,2.117498
466,466,D25N,D25N,QDKCKKVYENYPVSKCQLANQCNYDCKLDKHARSGECFYDEKGNLQCICDYCEY,,0.31241834
467,467,D25P,D25P,QDKCKKVYENYPVSKCQLANQCNYDCKLDKHARSGECFYDEKGNLQCICDYCEY,,-2.4894955
468,468,D25Q,D25Q,QDKCKKVYENYPVSKCQLANQCNYDCKLDKHARSGECFYDEKGNLQCICDYCEY,,1.0622227
469,469,D25R,D25R,QDKCKKVYENYPVSKCQLANQCNYDCKLDKHARSGECFYDEKGNLQCICDYCEY,,0.94194835
470,470,D25S,D25S,QDKCKKVYENYPVSKCQLANQCNYDCKLDKHARSGECFYDEKGNLQCICDYCEY,,-0.33141887
471,471,D25T,D25T,QDKCKKVYENYPVSKCQLANQCNYDCKLDKHARSGECFYDEKGNLQCICDYCEY,,-0.25055754
472,472,D25V,D25V,QDKCKKVYENYPVSKCQLANQCNYDCKLDKHARSGECFYDEKGNLQCICDYCEY,,0.7423928
473,473,D25W,D25W,QDKCKKVYENYPVSKCQLANQCNYDCKLDKHARSGECFYDEKGNLQCICDYCEY,,1.9582222
474,474,D25Y,D25Y,QDKCKKVYENYPVSKCQLANQCNYDCKLDKHARSGECFYDEKGNLQCICDYCEY,,2.2899184
475,475,C26A,C26A,QDKCKKVYENYPVSKCQLANQCNYDCKLDKHARSGECFYDEKGNLQCICDYCEY,,-3.6509018
476,476,C26D,C26D,QDKCKKVYENYPVSKCQLANQCNYDCKLDKHARSGECFYDEKGNLQCICDYCEY,,-3.846067
477,477,C26E,C26E,QDKCKKVYENYPVSKCQLANQCNYDCKLDKHARSGECFYDEKGNLQCICDYCEY,,-3.981917
478,478,C26F,C26F,QDKCKKVYENYPVSKCQLANQCNYDCKLDKHARSGECFYDEKGNLQCICDYCEY,,-3.3818734
479,479,C26G,C26G,QDKCKKVYENYPVSKCQLANQCNYDCKLDKHARSGECFYDEKGNLQCICDYCEY,,-4.0978885
480,480,C26H,C26H,QDKCKKVYENYPVSKCQLANQCNYDCKLDKHARSGECFYDEKGNLQCICDYCEY,,-2.9780312
481,481,C26I,C26I,QDKCKKVYENYPVSKCQLANQCNYDCKLDKHARSGECFYDEKGNLQCICDYCEY,,-3.83392
482,482,C26K,C26K,QDKCKKVYENYPVSKCQLANQCNYDCKLDKHARSGECFYDEKGNLQCICDYCEY,,-3.9999115
483,483,C26L,C26L,QDKCKKVYENYPVSKCQLANQCNYDCKLDKHARSGECFYDEKGNLQCICDYCEY,,-3.679504
484,484,C26M,C26M,QDKCKKVYENYPVSKCQLANQCNYDCKLDKHARSGECFYDEKGNLQCICDYCEY,,-3.364249
485,485,C26N,C26N,QDKCKKVYENYPVSKCQLANQCNYDCKLDKHARSGECFYDEKGNLQCICDYCEY,,-3.8079605
486,486,C26P,C26P,QDKCKKVYENYPVSKCQLANQCNYDCKLDKHARSGECFYDEKGNLQCICDYCEY,,-3.7492824
487,487,C26Q,C26Q,QDKCKKVYENYPVSKCQLANQCNYDCKLDKHARSGECFYDEKGNLQCICDYCEY,,-3.9286098
488,488,C26R,C26R,QDKCKKVYENYPVSKCQLANQCNYDCKLDKHARSGECFYDEKGNLQCICDYCEY,,-2.5969338
489,489,C26S,C26S,QDKCKKVYENYPVSKCQLANQCNYDCKLDKHARSGECFYDEKGNLQCICDYCEY,,-3.902319
490,490,C26T,C26T,QDKCKKVYENYPVSKCQLANQCNYDCKLDKHARSGECFYDEKGNLQCICDYCEY,,-4.0051756
491,491,C26V,C26V,QDKCKKVYENYPVSKCQLANQCNYDCKLDKHARSGECFYDEKGNLQCICDYCEY,,-3.9287415
492,492,C26W,C26W,QDKCKKVYENYPVSKCQLANQCNYDCKLDKHARSGECFYDEKGNLQCICDYCEY,,-2.3556218
493,493,C26Y,C26Y,QDKCKKVYENYPVSKCQLANQCNYDCKLDKHARSGECFYDEKGNLQCICDYCEY,,-2.978804
494,494,K27A,K27A,QDKCKKVYENYPVSKCQLANQCNYDCKLDKHARSGECFYDEKGNLQCICDYCEY,,-0.7461127
495,495,K27C,K27C,QDKCKKVYENYPVSKCQLANQCNYDCKLDKHARSGECFYDEKGNLQCICDYCEY,,-0.9941344
496,496,K27D,K27D,QDKCKKVYENYPVSKCQLANQCNYDCKLDKHARSGECFYDEKGNLQCICDYCEY,,-1.9467134
497,497,K27E,K27E,QDKCKKVYENYPVSKCQLANQCNYDCKLDKHARSGECFYDEKGNLQCICDYCEY,,-1.10218
498,498,K27F,K27F,QDKCKKVYENYPVSKCQLANQCNYDCKLDKHARSGECFYDEKGNLQCICDYCEY,,0.023068458
499,499,K27G,K27G,QDKCKKVYENYPVSKCQLANQCNYDCKLDKHARSGECFYDEKGNLQCICDYCEY,,-1.799156
500,500,K27H,K27H,QDKCKKVYENYPVSKCQLANQCNYDCKLDKHARSGECFYDEKGNLQCICDYCEY,,-1.23119
501,501,K27I,K27I,QDKCKKVYENYPVSKCQLANQCNYDCKLDKHARSGECFYDEKGNLQCICDYCEY,,1.425563
502,502,K27L,K27L,QDKCKKVYENYPVSKCQLANQCNYDCKLDKHARSGECFYDEKGNLQCICDYCEY,,0.74009585
503,503,K27M,K27M,QDKCKKVYENYPVSKCQLANQCNYDCKLDKHARSGECFYDEKGNLQCICDYCEY,,0.7775193
504,504,K27N,K27N,QDKCKKVYENYPVSKCQLANQCNYDCKLDKHARSGECFYDEKGNLQCICDYCEY,,-1.0642291
505,505,K27P,K27P,QDKCKKVYENYPVSKCQLANQCNYDCKLDKHARSGECFYDEKGNLQCICDYCEY,,-2.8707585
506,506,K27Q,K27Q,QDKCKKVYENYPVSKCQLANQCNYDCKLDKHARSGECFYDEKGNLQCICDYCEY,,-0.26023766
507,507,K27R,K27R,QDKCKKVYENYPVSKCQLANQCNYDCKLDKHARSGECFYDEKGNLQCICDYCEY,,0.79812133
508,508,K27S,K27S,QDKCKKVYENYPVSKCQLANQCNYDCKLDKHARSGECFYDEKGNLQCICDYCEY,,-1.4316354
509,509,K27T,K27T,QDKCKKVYENYPVSKCQLANQCNYDCKLDKHARSGECFYDEKGNLQCICDYCEY,,-1.0402006
510,510,K27V,K27V,QDKCKKVYENYPVSKCQLANQCNYDCKLDKHARSGECFYDEKGNLQCICDYCEY,,0.8858181
511,511,K27W,K27W,QDKCKKVYENYPVSKCQLANQCNYDCKLDKHARSGECFYDEKGNLQCICDYCEY,,0.30074716
512,512,K27Y,K27Y,QDKCKKVYENYPVSKCQLANQCNYDCKLDKHARSGECFYDEKGNLQCICDYCEY,,0.39062467
513,513,L28A,L28A,QDKCKKVYENYPVSKCQLANQCNYDCKLDKHARSGECFYDEKGNLQCICDYCEY,,-1.1981132
514,514,L28C,L28C,QDKCKKVYENYPVSKCQLANQCNYDCKLDKHARSGECFYDEKGNLQCICDYCEY,,-2.9858923
515,515,L28D,L28D,QDKCKKVYENYPVSKCQLANQCNYDCKLDKHARSGECFYDEKGNLQCICDYCEY,,-2.204729
516,516,L28E,L28E,QDKCKKVYENYPVSKCQLANQCNYDCKLDKHARSGECFYDEKGNLQCICDYCEY,,-1.7344866
517,517,L28F,L28F,QDKCKKVYENYPVSKCQLANQCNYDCKLDKHARSGECFYDEKGNLQCICDYCEY,,-0.2888856
518,518,L28G,L28G,QDKCKKVYENYPVSKCQLANQCNYDCKLDKHARSGECFYDEKGNLQCICDYCEY,,-2.1202126
519,519,L28H,L28H,QDKCKKVYENYPVSKCQLANQCNYDCKLDKHARSGECFYDEKGNLQCICDYCEY,,-1.5387087
520,520,L28I,L28I,QDKCKKVYENYPVSKCQLANQCNYDCKLDKHARSGECFYDEKGNLQCICDYCEY,,0.014751822
521,521,L28K,L28K,QDKCKKVYENYPVSKCQLANQCNYDCKLDKHARSGECFYDEKGNLQCICDYCEY,,-1.355599
522,522,L28M,L28M,QDKCKKVYENYPVSKCQLANQCNYDCKLDKHARSGECFYDEKGNLQCICDYCEY,,0.14375755
523,523,L28N,L28N,QDKCKKVYENYPVSKCQLANQCNYDCKLDKHARSGECFYDEKGNLQCICDYCEY,,-1.0540121
524,524,L28P,L28P,QDKCKKVYENYPVSKCQLANQCNYDCKLDKHARSGECFYDEKGNLQCICDYCEY,,-2.9715862
525,525,L28Q,L28Q,QDKCKKVYENYPVSKCQLANQCNYDCKLDKHARSGECFYDEKGNLQCICDYCEY,,-1.4448857
526,526,L28R,L28R,QDKCKKVYENYPVSKCQLANQCNYDCKLDKHARSGECFYDEKGNLQCICDYCEY,,-0.54254246
527,527,L28S,L28S,QDKCKKVYENYPVSKCQLANQCNYDCKLDKHARSGECFYDEKGNLQCICDYCEY,,-1.839986
528,528,L28T,L28T,QDKCKKVYENYPVSKCQLANQCNYDCKLDKHARSGECFYDEKGNLQCICDYCEY,,-1.4927385
529,529,L28V,L28V,QDKCKKVYENYPVSKCQLANQCNYDCKLDKHARSGECFYDEKGNLQCICDYCEY,,0.11210328
530,530,L28W,L28W,QDKCKKVYENYPVSKCQLANQCNYDCKLDKHARSGECFYDEKGNLQCICDYCEY,,-0.92855704
531,531,L28Y,L28Y,QDKCKKVYENYPVSKCQLANQCNYDCKLDKHARSGECFYDEKGNLQCICDYCEY,,0.25493544
532,532,D29A,D29A,QDKCKKVYENYPVSKCQLANQCNYDCKLDKHARSGECFYDEKGNLQCICDYCEY,,0.3906452
533,533,D29C,D29C,QDKCKKVYENYPVSKCQLANQCNYDCKLDKHARSGECFYDEKGNLQCICDYCEY,,-3.341412
534,534,D29E,D29E,QDKCKKVYENYPVSKCQLANQCNYDCKLDKHARSGECFYDEKGNLQCICDYCEY,,0.51491964
535,535,D29F,D29F,QDKCKKVYENYPVSKCQLANQCNYDCKLDKHARSGECFYDEKGNLQCICDYCEY,,0.6835657
536,536,D29G,D29G,QDKCKKVYENYPVSKCQLANQCNYDCKLDKHARSGECFYDEKGNLQCICDYCEY,,-0.598609
537,537,D29H,D29H,QDKCKKVYENYPVSKCQLANQCNYDCKLDKHARSGECFYDEKGNLQCICDYCEY,,0.1019799
538,538,D29I,D29I,QDKCKKVYENYPVSKCQLANQCNYDCKLDKHARSGECFYDEKGNLQCICDYCEY,,1.2786078
539,539,D29K,D29K,QDKCKKVYENYPVSKCQLANQCNYDCKLDKHARSGECFYDEKGNLQCICDYCEY,,0.41699523
540,540,D29L,D29L,QDKCKKVYENYPVSKCQLANQCNYDCKLDKHARSGECFYDEKGNLQCICDYCEY,,1.3030407
541,541,D29M,D29M,QDKCKKVYENYPVSKCQLANQCNYDCKLDKHARSGECFYDEKGNLQCICDYCEY,,1.4630289
542,542,D29N,D29N,QDKCKKVYENYPVSKCQLANQCNYDCKLDKHARSGECFYDEKGNLQCICDYCEY,,0.3417418
543,543,D29P,D29P,QDKCKKVYENYPVSKCQLANQCNYDCKLDKHARSGECFYDEKGNLQCICDYCEY,,-2.2634628
544,544,D29Q,D29Q,QDKCKKVYENYPVSKCQLANQCNYDCKLDKHARSGECFYDEKGNLQCICDYCEY,,0.53724396
545,545,D29R,D29R,QDKCKKVYENYPVSKCQLANQCNYDCKLDKHARSGECFYDEKGNLQCICDYCEY,,0.81848824
546,546,D29S,D29S,QDKCKKVYENYPVSKCQLANQCNYDCKLDKHARSGECFYDEKGNLQCICDYCEY,,0.64048404
547,547,D29T,D29T,QDKCKKVYENYPVSKCQLANQCNYDCKLDKHARSGECFYDEKGNLQCICDYCEY,,0.4815431
548,548,D29V,D29V,QDKCKKVYENYPVSKCQLANQCNYDCKLDKHARSGECFYDEKGNLQCICDYCEY,,0.9343609
549,549,D29W,D29W,QDKCKKVYENYPVSKCQLANQCNYDCKLDKHARSGECFYDEKGNLQCICDYCEY,,0.27069288
550,550,D29Y,D29Y,QDKCKKVYENYPVSKCQLANQCNYDCKLDKHARSGECFYDEKGNLQCICDYCEY,,0.9490737
551,551,K30A,K30A,QDKCKKVYENYPVSKCQLANQCNYDCKLDKHARSGECFYDEKGNLQCICDYCEY,,0.03391674
552,552,K30C,K30C,QDKCKKVYENYPVSKCQLANQCNYDCKLDKHARSGECFYDEKGNLQCICDYCEY,,-1.4033867
553,553,K30D,K30D,QDKCKKVYENYPVSKCQLANQCNYDCKLDKHARSGECFYDEKGNLQCICDYCEY,,-0.95075405
554,554,K30E,K30E,QDKCKKVYENYPVSKCQLANQCNYDCKLDKHARSGECFYDEKGNLQCICDYCEY,,0.4922744
555,555,K30F,K30F,QDKCKKVYENYPVSKCQLANQCNYDCKLDKHARSGECFYDEKGNLQCICDYCEY,,2.428361
556,556,K30G,K30G,QDKCKKVYENYPVSKCQLANQCNYDCKLDKHARSGECFYDEKGNLQCICDYCEY,,-0.5929395
557,557,K30H,K30H,QDKCKKVYENYPVSKCQLANQCNYDCKLDKHARSGECFYDEKGNLQCICDYCEY,,0.84179044
558,558,K30I,K30I,QDKCKKVYENYPVSKCQLANQCNYDCKLDKHARSGECFYDEKGNLQCICDYCEY,,0.80684197
559,559,K30L,K30L,QDKCKKVYENYPVSKCQLANQCNYDCKLDKHARSGECFYDEKGNLQCICDYCEY,,1.8512347
560,560,K30M,K30M,QDKCKKVYENYPVSKCQLANQCNYDCKLDKHARSGECFYDEKGNLQCICDYCEY,,1.9119449
561,561,K30N,K30N,QDKCKKVYENYPVSKCQLANQCNYDCKLDKHARSGECFYDEKGNLQCICDYCEY,,0.65625435
562,562,K30P,K30P,QDKCKKVYENYPVSKCQLANQCNYDCKLDKHARSGECFYDEKGNLQCICDYCEY,,-1.2768474
563,563,K30Q,K30Q,QDKCKKVYENYPVSKCQLANQCNYDCKLDKHARSGECFYDEKGNLQCICDYCEY,,0.52282095
564,564,K30R,K30R,QDKCKKVYENYPVSKCQLANQCNYDCKLDKHARSGECFYDEKGNLQCICDYCEY,,0.32980612
565,565,K30S,K30S,QDKCKKVYENYPVSKCQLANQCNYDCKLDKHARSGECFYDEKGNLQCICDYCEY,,-0.21619785
566,566,K30T,K30T,QDKCKKVYENYPVSKCQLANQCNYDCKLDKHARSGECFYDEKGNLQCICDYCEY,,0.361365
567,567,K30V,K30V,QDKCKKVYENYPVSKCQLANQCNYDCKLDKHARSGECFYDEKGNLQCICDYCEY,,0.6095215
568,568,K30W,K30W,QDKCKKVYENYPVSKCQLANQCNYDCKLDKHARSGECFYDEKGNLQCICDYCEY,,2.3750453
569,569,K30Y,K30Y,QDKCKKVYENYPVSKCQLANQCNYDCKLDKHARSGECFYDEKGNLQCICDYCEY,,2.822855
570,570,H31A,H31A,QDKCKKVYENYPVSKCQLANQCNYDCKLDKHARSGECFYDEKGNLQCICDYCEY,,-1.0345447
571,571,H31C,H31C,QDKCKKVYENYPVSKCQLANQCNYDCKLDKHARSGECFYDEKGNLQCICDYCEY,,-3.2127178
572,572,H31D,H31D,QDKCKKVYENYPVSKCQLANQCNYDCKLDKHARSGECFYDEKGNLQCICDYCEY,,-1.0650712
573,573,H31E,H31E,QDKCKKVYENYPVSKCQLANQCNYDCKLDKHARSGECFYDEKGNLQCICDYCEY,,-1.2667241
574,574,H31F,H31F,QDKCKKVYENYPVSKCQLANQCNYDCKLDKHARSGECFYDEKGNLQCICDYCEY,,-0.5143944
575,575,H31G,H31G,QDKCKKVYENYPVSKCQLANQCNYDCKLDKHARSGECFYDEKGNLQCICDYCEY,,1.4370415
576,576,H31I,H31I,QDKCKKVYENYPVSKCQLANQCNYDCKLDKHARSGECFYDEKGNLQCICDYCEY,,-1.3544996
577,577,H31K,H31K,QDKCKKVYENYPVSKCQLANQCNYDCKLDKHARSGECFYDEKGNLQCICDYCEY,,0.22291215
578,578,H31L,H31L,QDKCKKVYENYPVSKCQLANQCNYDCKLDKHARSGECFYDEKGNLQCICDYCEY,,0.13315216
579,579,H31M,H31M,QDKCKKVYENYPVSKCQLANQCNYDCKLDKHARSGECFYDEKGNLQCICDYCEY,,0.2686964
580,580,H31N,H31N,QDKCKKVYENYPVSKCQLANQCNYDCKLDKHARSGECFYDEKGNLQCICDYCEY,,1.3425851
581,581,H31P,H31P,QDKCKKVYENYPVSKCQLANQCNYDCKLDKHARSGECFYDEKGNLQCICDYCEY,,-2.0702996
582,582,H31Q,H31Q,QDKCKKVYENYPVSKCQLANQCNYDCKLDKHARSGECFYDEKGNLQCICDYCEY,,-0.35739464
583,583,H31R,H31R,QDKCKKVYENYPVSKCQLANQCNYDCKLDKHARSGECFYDEKGNLQCICDYCEY,,0.22934258
584,584,H31S,H31S,QDKCKKVYENYPVSKCQLANQCNYDCKLDKHARSGECFYDEKGNLQCICDYCEY,,-0.5158231
585,585,H31T,H31T,QDKCKKVYENYPVSKCQLANQCNYDCKLDKHARSGECFYDEKGNLQCICDYCEY,,-0.90057015
586,586,H31V,H31V,QDKCKKVYENYPVSKCQLANQCNYDCKLDKHARSGECFYDEKGNLQCICDYCEY,,-1.1831832
587,587,H31W,H31W,QDKCKKVYENYPVSKCQLANQCNYDCKLDKHARSGECFYDEKGNLQCICDYCEY,,0.068174414
588,588,H31Y,H31Y,QDKCKKVYENYPVSKCQLANQCNYDCKLDKHARSGECFYDEKGNLQCICDYCEY,,-0.1349963
589,589,A32C,A32C,QDKCKKVYENYPVSKCQLANQCNYDCKLDKHARSGECFYDEKGNLQCICDYCEY,,-3.2378197
590,590,A32D,A32D,QDKCKKVYENYPVSKCQLANQCNYDCKLDKHARSGECFYDEKGNLQCICDYCEY,,-3.1084504
591,591,A32E,A32E,QDKCKKVYENYPVSKCQLANQCNYDCKLDKHARSGECFYDEKGNLQCICDYCEY,,-3.1678977
592,592,A32F,A32F,QDKCKKVYENYPVSKCQLANQCNYDCKLDKHARSGECFYDEKGNLQCICDYCEY,,-2.655933
593,593,A32G,A32G,QDKCKKVYENYPVSKCQLANQCNYDCKLDKHARSGECFYDEKGNLQCICDYCEY,,-2.01474
594,594,A32H,A32H,QDKCKKVYENYPVSKCQLANQCNYDCKLDKHARSGECFYDEKGNLQCICDYCEY,,-3.0849285
595,595,A32I,A32I,QDKCKKVYENYPVSKCQLANQCNYDCKLDKHARSGECFYDEKGNLQCICDYCEY,,-3.0602136
596,596,A32K,A32K,QDKCKKVYENYPVSKCQLANQCNYDCKLDKHARSGECFYDEKGNLQCICDYCEY,,-3.1611514
597,597,A32L,A32L,QDKCKKVYENYPVSKCQLANQCNYDCKLDKHARSGECFYDEKGNLQCICDYCEY,,-2.2519572
598,598,A32M,A32M,QDKCKKVYENYPVSKCQLANQCNYDCKLDKHARSGECFYDEKGNLQCICDYCEY,,-2.2722352
599,599,A32N,A32N,QDKCKKVYENYPVSKCQLANQCNYDCKLDKHARSGECFYDEKGNLQCICDYCEY,,-3.078537
600,600,A32P,A32P,QDKCKKVYENYPVSKCQLANQCNYDCKLDKHARSGECFYDEKGNLQCICDYCEY,,-3.1069648
601,601,A32Q,A32Q,QDKCKKVYENYPVSKCQLANQCNYDCKLDKHARSGECFYDEKGNLQCICDYCEY,,-3.4171658
602,602,A32R,A32R,QDKCKKVYENYPVSKCQLANQCNYDCKLDKHARSGECFYDEKGNLQCICDYCEY,,-3.2479236
603,603,A32S,A32S,QDKCKKVYENYPVSKCQLANQCNYDCKLDKHARSGECFYDEKGNLQCICDYCEY,,-2.447515
604,604,A32T,A32T,QDKCKKVYENYPVSKCQLANQCNYDCKLDKHARSGECFYDEKGNLQCICDYCEY,,-2.8906827
605,605,A32V,A32V,QDKCKKVYENYPVSKCQLANQCNYDCKLDKHARSGECFYDEKGNLQCICDYCEY,,-2.8679626
606,606,A32W,A32W,QDKCKKVYENYPVSKCQLANQCNYDCKLDKHARSGECFYDEKGNLQCICDYCEY,,-3.1243362
607,607,A32Y,A32Y,QDKCKKVYENYPVSKCQLANQCNYDCKLDKHARSGECFYDEKGNLQCICDYCEY,,-2.4906077
608,608,R33A,R33A,QDKCKKVYENYPVSKCQLANQCNYDCKLDKHARSGECFYDEKGNLQCICDYCEY,,-0.14531486
609,609,R33C,R33C,QDKCKKVYENYPVSKCQLANQCNYDCKLDKHARSGECFYDEKGNLQCICDYCEY,,-3.0754883
610,610,R33D,R33D,QDKCKKVYENYPVSKCQLANQCNYDCKLDKHARSGECFYDEKGNLQCICDYCEY,,-1.0013626
611,611,R33E,R33E,QDKCKKVYENYPVSKCQLANQCNYDCKLDKHARSGECFYDEKGNLQCICDYCEY,,-0.40118605
612,612,R33F,R33F,QDKCKKVYENYPVSKCQLANQCNYDCKLDKHARSGECFYDEKGNLQCICDYCEY,,0.8064434
613,613,R33G,R33G,QDKCKKVYENYPVSKCQLANQCNYDCKLDKHARSGECFYDEKGNLQCICDYCEY,,-1.7679343
614,614,R33H,R33H,QDKCKKVYENYPVSKCQLANQCNYDCKLDKHARSGECFYDEKGNLQCICDYCEY,,-0.69670165
615,615,R33I,R33I,QDKCKKVYENYPVSKCQLANQCNYDCKLDKHARSGECFYDEKGNLQCICDYCEY,,1.1317182
616,616,R33K,R33K,QDKCKKVYENYPVSKCQLANQCNYDCKLDKHARSGECFYDEKGNLQCICDYCEY,,-0.1105472
617,617,R33L,R33L,QDKCKKVYENYPVSKCQLANQCNYDCKLDKHARSGECFYDEKGNLQCICDYCEY,,1.3329456
618,618,R33M,R33M,QDKCKKVYENYPVSKCQLANQCNYDCKLDKHARSGECFYDEKGNLQCICDYCEY,,1.0437267
619,619,R33N,R33N,QDKCKKVYENYPVSKCQLANQCNYDCKLDKHARSGECFYDEKGNLQCICDYCEY,,-1.8570352
620,620,R33P,R33P,QDKCKKVYENYPVSKCQLANQCNYDCKLDKHARSGECFYDEKGNLQCICDYCEY,,-0.19490458
621,621,R33Q,R33Q,QDKCKKVYENYPVSKCQLANQCNYDCKLDKHARSGECFYDEKGNLQCICDYCEY,,-0.7393963
622,622,R33S,R33S,QDKCKKVYENYPVSKCQLANQCNYDCKLDKHARSGECFYDEKGNLQCICDYCEY,,0.21293236
623,623,R33T,R33T,QDKCKKVYENYPVSKCQLANQCNYDCKLDKHARSGECFYDEKGNLQCICDYCEY,,0.8557638
624,624,R33V,R33V,QDKCKKVYENYPVSKCQLANQCNYDCKLDKHARSGECFYDEKGNLQCICDYCEY,,1.0628248
625,625,R33W,R33W,QDKCKKVYENYPVSKCQLANQCNYDCKLDKHARSGECFYDEKGNLQCICDYCEY,,-0.009371474
626,626,R33Y,R33Y,QDKCKKVYENYPVSKCQLANQCNYDCKLDKHARSGECFYDEKGNLQCICDYCEY,,1.173944
627,627,S34A,S34A,QDKCKKVYENYPVSKCQLANQCNYDCKLDKHARSGECFYDEKGNLQCICDYCEY,,-1.3810472
628,628,S34C,S34C,QDKCKKVYENYPVSKCQLANQCNYDCKLDKHARSGECFYDEKGNLQCICDYCEY,,-3.1975312
629,629,S34D,S34D,QDKCKKVYENYPVSKCQLANQCNYDCKLDKHARSGECFYDEKGNLQCICDYCEY,,-2.0736978
630,630,S34E,S34E,QDKCKKVYENYPVSKCQLANQCNYDCKLDKHARSGECFYDEKGNLQCICDYCEY,,-1.9423246
631,631,S34F,S34F,QDKCKKVYENYPVSKCQLANQCNYDCKLDKHARSGECFYDEKGNLQCICDYCEY,,-0.19426781
632,632,S34G,S34G,QDKCKKVYENYPVSKCQLANQCNYDCKLDKHARSGECFYDEKGNLQCICDYCEY,,-1.4117755
633,633,S34H,S34H,QDKCKKVYENYPVSKCQLANQCNYDCKLDKHARSGECFYDEKGNLQCICDYCEY,,-1.5037527
634,634,S34I,S34I,QDKCKKVYENYPVSKCQLANQCNYDCKLDKHARSGECFYDEKGNLQCICDYCEY,,-1.1257288
635,635,S34K,S34K,QDKCKKVYENYPVSKCQLANQCNYDCKLDKHARSGECFYDEKGNLQCICDYCEY,,-1.5779669
636,636,S34L,S34L,QDKCKKVYENYPVSKCQLANQCNYDCKLDKHARSGECFYDEKGNLQCICDYCEY,,-0.980521
637,637,S34M,S34M,QDKCKKVYENYPVSKCQLANQCNYDCKLDKHARSGECFYDEKGNLQCICDYCEY,,-0.74887294
638,638,S34N,S34N,QDKCKKVYENYPVSKCQLANQCNYDCKLDKHARSGECFYDEKGNLQCICDYCEY,,-1.3979467
639,639,S34P,S34P,QDKCKKVYENYPVSKCQLANQCNYDCKLDKHARSGECFYDEKGNLQCICDYCEY,,-3.4613805
640,640,S34Q,S34Q,QDKCKKVYENYPVSKCQLANQCNYDCKLDKHARSGECFYDEKGNLQCICDYCEY,,-2.1961856
641,641,S34R,S34R,QDKCKKVYENYPVSKCQLANQCNYDCKLDKHARSGECFYDEKGNLQCICDYCEY,,-1.3718777
642,642,S34T,S34T,QDKCKKVYENYPVSKCQLANQCNYDCKLDKHARSGECFYDEKGNLQCICDYCEY,,-0.92007756
643,643,S34V,S34V,QDKCKKVYENYPVSKCQLANQCNYDCKLDKHARSGECFYDEKGNLQCICDYCEY,,-1.2974752
644,644,S34W,S34W,QDKCKKVYENYPVSKCQLANQCNYDCKLDKHARSGECFYDEKGNLQCICDYCEY,,-0.11054994
645,645,S34Y,S34Y,QDKCKKVYENYPVSKCQLANQCNYDCKLDKHARSGECFYDEKGNLQCICDYCEY,,0.25999022
646,646,G35A,G35A,QDKCKKVYENYPVSKCQLANQCNYDCKLDKHARSGECFYDEKGNLQCICDYCEY,,-1.6878221
647,647,G35C,G35C,QDKCKKVYENYPVSKCQLANQCNYDCKLDKHARSGECFYDEKGNLQCICDYCEY,,-1.962146
648,648,G35D,G35D,QDKCKKVYENYPVSKCQLANQCNYDCKLDKHARSGECFYDEKGNLQCICDYCEY,,-3.577292
649,649,G35E,G35E,QDKCKKVYENYPVSKCQLANQCNYDCKLDKHARSGECFYDEKGNLQCICDYCEY,,-3.701438
650,650,G35F,G35F,QDKCKKVYENYPVSKCQLANQCNYDCKLDKHARSGECFYDEKGNLQCICDYCEY,,-2.7176447
651,651,G35H,G35H,QDKCKKVYENYPVSKCQLANQCNYDCKLDKHARSGECFYDEKGNLQCICDYCEY,,-3.2072802
652,652,G35I,G35I,QDKCKKVYENYPVSKCQLANQCNYDCKLDKHARSGECFYDEKGNLQCICDYCEY,,-3.1059647
653,653,G35K,G35K,QDKCKKVYENYPVSKCQLANQCNYDCKLDKHARSGECFYDEKGNLQCICDYCEY,,-3.8065293
654,654,G35L,G35L,QDKCKKVYENYPVSKCQLANQCNYDCKLDKHARSGECFYDEKGNLQCICDYCEY,,-3.26995
655,655,G35M,G35M,QDKCKKVYENYPVSKCQLANQCNYDCKLDKHARSGECFYDEKGNLQCICDYCEY,,-2.9764059
656,656,G35N,G35N,QDKCKKVYENYPVSKCQLANQCNYDCKLDKHARSGECFYDEKGNLQCICDYCEY,,-3.7859392
657,657,G35P,G35P,QDKCKKVYENYPVSKCQLANQCNYDCKLDKHARSGECFYDEKGNLQCICDYCEY,,-2.8037694
658,658,G35Q,G35Q,QDKCKKVYENYPVSKCQLANQCNYDCKLDKHARSGECFYDEKGNLQCICDYCEY,,-3.636713
659,659,G35R,G35R,QDKCKKVYENYPVSKCQLANQCNYDCKLDKHARSGECFYDEKGNLQCICDYCEY,,-3.7831092
660,660,G35S,G35S,QDKCKKVYENYPVSKCQLANQCNYDCKLDKHARSGECFYDEKGNLQCICDYCEY,,-2.197984
661,661,G35T,G35T,QDKCKKVYENYPVSKCQLANQCNYDCKLDKHARSGECFYDEKGNLQCICDYCEY,,-3.2801595
662,662,G35V,G35V,QDKCKKVYENYPVSKCQLANQCNYDCKLDKHARSGECFYDEKGNLQCICDYCEY,,-2.7206316
663,663,G35W,G35W,QDKCKKVYENYPVSKCQLANQCNYDCKLDKHARSGECFYDEKGNLQCICDYCEY,,-0.56470466
664,664,G35Y,G35Y,QDKCKKVYENYPVSKCQLANQCNYDCKLDKHARSGECFYDEKGNLQCICDYCEY,,-2.8756576
665,665,E36A,E36A,QDKCKKVYENYPVSKCQLANQCNYDCKLDKHARSGECFYDEKGNLQCICDYCEY,,-0.57588917
666,666,E36C,E36C,QDKCKKVYENYPVSKCQLANQCNYDCKLDKHARSGECFYDEKGNLQCICDYCEY,,-1.943089
667,667,E36D,E36D,QDKCKKVYENYPVSKCQLANQCNYDCKLDKHARSGECFYDEKGNLQCICDYCEY,,-1.0096313
668,668,E36F,E36F,QDKCKKVYENYPVSKCQLANQCNYDCKLDKHARSGECFYDEKGNLQCICDYCEY,,0.90225244
669,669,E36G,E36G,QDKCKKVYENYPVSKCQLANQCNYDCKLDKHARSGECFYDEKGNLQCICDYCEY,,-1.6503583
670,670,E36H,E36H,QDKCKKVYENYPVSKCQLANQCNYDCKLDKHARSGECFYDEKGNLQCICDYCEY,,0.8701456
671,671,E36I,E36I,QDKCKKVYENYPVSKCQLANQCNYDCKLDKHARSGECFYDEKGNLQCICDYCEY,,0.65374017
672,672,E36K,E36K,QDKCKKVYENYPVSKCQLANQCNYDCKLDKHARSGECFYDEKGNLQCICDYCEY,,-0.53853333
673,673,E36L,E36L,QDKCKKVYENYPVSKCQLANQCNYDCKLDKHARSGECFYDEKGNLQCICDYCEY,,0.3679341
674,674,E36M,E36M,QDKCKKVYENYPVSKCQLANQCNYDCKLDKHARSGECFYDEKGNLQCICDYCEY,,0.8107808
675,675,E36N,E36N,QDKCKKVYENYPVSKCQLANQCNYDCKLDKHARSGECFYDEKGNLQCICDYCEY,,-1.2502437
676,676,E36P,E36P,QDKCKKVYENYPVSKCQLANQCNYDCKLDKHARSGECFYDEKGNLQCICDYCEY,,-2.4515567
677,677,E36Q,E36Q,QDKCKKVYENYPVSKCQLANQCNYDCKLDKHARSGECFYDEKGNLQCICDYCEY,,-0.12648262
678,678,E36R,E36R,QDKCKKVYENYPVSKCQLANQCNYDCKLDKHARSGECFYDEKGNLQCICDYCEY,,0.5708961
679,679,E36S,E36S,QDKCKKVYENYPVSKCQLANQCNYDCKLDKHARSGECFYDEKGNLQCICDYCEY,,0.34533685
680,680,E36T,E36T,QDKCKKVYENYPVSKCQLANQCNYDCKLDKHARSGECFYDEKGNLQCICDYCEY,,-0.01377359
681,681,E36V,E36V,QDKCKKVYENYPVSKCQLANQCNYDCKLDKHARSGECFYDEKGNLQCICDYCEY,,0.21824116
682,682,E36W,E36W,QDKCKKVYENYPVSKCQLANQCNYDCKLDKHARSGECFYDEKGNLQCICDYCEY,,1.6660864
683,683,E36Y,E36Y,QDKCKKVYENYPVSKCQLANQCNYDCKLDKHARSGECFYDEKGNLQCICDYCEY,,2.0173473
684,684,C37A,C37A,QDKCKKVYENYPVSKCQLANQCNYDCKLDKHARSGECFYDEKGNLQCICDYCEY,,-4.002623
685,685,C37D,C37D,QDKCKKVYENYPVSKCQLANQCNYDCKLDKHARSGECFYDEKGNLQCICDYCEY,,-4.122653
686,686,C37E,C37E,QDKCKKVYENYPVSKCQLANQCNYDCKLDKHARSGECFYDEKGNLQCICDYCEY,,-4.1147437
687,687,C37F,C37F,QDKCKKVYENYPVSKCQLANQCNYDCKLDKHARSGECFYDEKGNLQCICDYCEY,,-3.7708898
688,688,C37G,C37G,QDKCKKVYENYPVSKCQLANQCNYDCKLDKHARSGECFYDEKGNLQCICDYCEY,,-4.228317
689,689,C37H,C37H,QDKCKKVYENYPVSKCQLANQCNYDCKLDKHARSGECFYDEKGNLQCICDYCEY,,-4.07092
690,690,C37I,C37I,QDKCKKVYENYPVSKCQLANQCNYDCKLDKHARSGECFYDEKGNLQCICDYCEY,,-3.9448805
691,691,C37K,C37K,QDKCKKVYENYPVSKCQLANQCNYDCKLDKHARSGECFYDEKGNLQCICDYCEY,,-4.2370224
692,692,C37L,C37L,QDKCKKVYENYPVSKCQLANQCNYDCKLDKHARSGECFYDEKGNLQCICDYCEY,,-3.7512784
693,693,C37M,C37M,QDKCKKVYENYPVSKCQLANQCNYDCKLDKHARSGECFYDEKGNLQCICDYCEY,,-3.4620762
694,694,C37N,C37N,QDKCKKVYENYPVSKCQLANQCNYDCKLDKHARSGECFYDEKGNLQCICDYCEY,,-4.11912
695,695,C37P,C37P,QDKCKKVYENYPVSKCQLANQCNYDCKLDKHARSGECFYDEKGNLQCICDYCEY,,-4.052494
696,696,C37Q,C37Q,QDKCKKVYENYPVSKCQLANQCNYDCKLDKHARSGECFYDEKGNLQCICDYCEY,,-4.178857
697,697,C37R,C37R,QDKCKKVYENYPVSKCQLANQCNYDCKLDKHARSGECFYDEKGNLQCICDYCEY,,-4.1388736
698,698,C37S,C37S,QDKCKKVYENYPVSKCQLANQCNYDCKLDKHARSGECFYDEKGNLQCICDYCEY,,-4.1356573
699,699,C37T,C37T,QDKCKKVYENYPVSKCQLANQCNYDCKLDKHARSGECFYDEKGNLQCICDYCEY,,-4.102957
700,700,C37V,C37V,QDKCKKVYENYPVSKCQLANQCNYDCKLDKHARSGECFYDEKGNLQCICDYCEY,,-3.937728
701,701,C37W,C37W,QDKCKKVYENYPVSKCQLANQCNYDCKLDKHARSGECFYDEKGNLQCICDYCEY,,-3.1353111
702,702,C37Y,C37Y,QDKCKKVYENYPVSKCQLANQCNYDCKLDKHARSGECFYDEKGNLQCICDYCEY,,-3.8766131
703,703,F38A,F38A,QDKCKKVYENYPVSKCQLANQCNYDCKLDKHARSGECFYDEKGNLQCICDYCEY,,-1.413876
704,704,F38C,F38C,QDKCKKVYENYPVSKCQLANQCNYDCKLDKHARSGECFYDEKGNLQCICDYCEY,,-3.3840752
705,705,F38D,F38D,QDKCKKVYENYPVSKCQLANQCNYDCKLDKHARSGECFYDEKGNLQCICDYCEY,,-2.9527452
706,706,F38E,F38E,QDKCKKVYENYPVSKCQLANQCNYDCKLDKHARSGECFYDEKGNLQCICDYCEY,,-2.3183677
707,707,F38G,F38G,QDKCKKVYENYPVSKCQLANQCNYDCKLDKHARSGECFYDEKGNLQCICDYCEY,,-2.4686577
708,708,F38H,F38H,QDKCKKVYENYPVSKCQLANQCNYDCKLDKHARSGECFYDEKGNLQCICDYCEY,,-1.5753126
709,709,F38I,F38I,QDKCKKVYENYPVSKCQLANQCNYDCKLDKHARSGECFYDEKGNLQCICDYCEY,,-0.43833777
710,710,F38K,F38K,QDKCKKVYENYPVSKCQLANQCNYDCKLDKHARSGECFYDEKGNLQCICDYCEY,,-1.6078906
711,711,F38L,F38L,QDKCKKVYENYPVSKCQLANQCNYDCKLDKHARSGECFYDEKGNLQCICDYCEY,,-0.63391435
712,712,F38M,F38M,QDKCKKVYENYPVSKCQLANQCNYDCKLDKHARSGECFYDEKGNLQCICDYCEY,,0.14066963
713,713,F38N,F38N,QDKCKKVYENYPVSKCQLANQCNYDCKLDKHARSGECFYDEKGNLQCICDYCEY,,-2.6645503
714,714,F38P,F38P,QDKCKKVYENYPVSKCQLANQCNYDCKLDKHARSGECFYDEKGNLQCICDYCEY,,-3.691539
715,715,F38Q,F38Q,QDKCKKVYENYPVSKCQLANQCNYDCKLDKHARSGECFYDEKGNLQCICDYCEY,,-2.0791078
716,716,F38R,F38R,QDKCKKVYENYPVSKCQLANQCNYDCKLDKHARSGECFYDEKGNLQCICDYCEY,,-0.555724
717,717,F38S,F38S,QDKCKKVYENYPVSKCQLANQCNYDCKLDKHARSGECFYDEKGNLQCICDYCEY,,-1.7253883
718,718,F38T,F38T,QDKCKKVYENYPVSKCQLANQCNYDCKLDKHARSGECFYDEKGNLQCICDYCEY,,-1.6143405
719,719,F38V,F38V,QDKCKKVYENYPVSKCQLANQCNYDCKLDKHARSGECFYDEKGNLQCICDYCEY,,-0.03375365
720,720,F38W,F38W,QDKCKKVYENYPVSKCQLANQCNYDCKLDKHARSGECFYDEKGNLQCICDYCEY,,-0.15174645
721,721,F38Y,F38Y,QDKCKKVYENYPVSKCQLANQCNYDCKLDKHARSGECFYDEKGNLQCICDYCEY,,0.20453887
722,722,Y39A,Y39A,QDKCKKVYENYPVSKCQLANQCNYDCKLDKHARSGECFYDEKGNLQCICDYCEY,,-1.9423091
723,723,Y39C,Y39C,QDKCKKVYENYPVSKCQLANQCNYDCKLDKHARSGECFYDEKGNLQCICDYCEY,,-3.810234
724,724,Y39D,Y39D,QDKCKKVYENYPVSKCQLANQCNYDCKLDKHARSGECFYDEKGNLQCICDYCEY,,-3.1601214
725,725,Y39E,Y39E,QDKCKKVYENYPVSKCQLANQCNYDCKLDKHARSGECFYDEKGNLQCICDYCEY,,-1.5512582
726,726,Y39F,Y39F,QDKCKKVYENYPVSKCQLANQCNYDCKLDKHARSGECFYDEKGNLQCICDYCEY,,-0.107377976
727,727,Y39G,Y39G,QDKCKKVYENYPVSKCQLANQCNYDCKLDKHARSGECFYDEKGNLQCICDYCEY,,-3.4745057
728,728,Y39H,Y39H,QDKCKKVYENYPVSKCQLANQCNYDCKLDKHARSGECFYDEKGNLQCICDYCEY,,-2.526278
729,729,Y39I,Y39I,QDKCKKVYENYPVSKCQLANQCNYDCKLDKHARSGECFYDEKGNLQCICDYCEY,,0.60939634
730,730,Y39K,Y39K,QDKCKKVYENYPVSKCQLANQCNYDCKLDKHARSGECFYDEKGNLQCICDYCEY,,-1.2699158
731,731,Y39L,Y39L,QDKCKKVYENYPVSKCQLANQCNYDCKLDKHARSGECFYDEKGNLQCICDYCEY,,0.1823448
732,732,Y39M,Y39M,QDKCKKVYENYPVSKCQLANQCNYDCKLDKHARSGECFYDEKGNLQCICDYCEY,,0.32209185
733,733,Y39N,Y39N,QDKCKKVYENYPVSKCQLANQCNYDCKLDKHARSGECFYDEKGNLQCICDYCEY,,-2.920032
734,734,Y39P,Y39P,QDKCKKVYENYPVSKCQLANQCNYDCKLDKHARSGECFYDEKGNLQCICDYCEY,,-1.2774986
735,735,Y39Q,Y39Q,QDKCKKVYENYPVSKCQLANQCNYDCKLDKHARSGECFYDEKGNLQCICDYCEY,,-1.5154762
736,736,Y39R,Y39R,QDKCKKVYENYPVSKCQLANQCNYDCKLDKHARSGECFYDEKGNLQCICDYCEY,,-0.6604188
737,737,Y39S,Y39S,QDKCKKVYENYPVSKCQLANQCNYDCKLDKHARSGECFYDEKGNLQCICDYCEY,,-2.7265816
738,738,Y39T,Y39T,QDKCKKVYENYPVSKCQLANQCNYDCKLDKHARSGECFYDEKGNLQCICDYCEY,,-1.2334554
739,739,Y39V,Y39V,QDKCKKVYENYPVSKCQLANQCNYDCKLDKHARSGECFYDEKGNLQCICDYCEY,,0.24305567
740,740,Y39W,Y39W,QDKCKKVYENYPVSKCQLANQCNYDCKLDKHARSGECFYDEKGNLQCICDYCEY,,0.5051347
741,741,D40A,D40A,QDKCKKVYENYPVSKCQLANQCNYDCKLDKHARSGECFYDEKGNLQCICDYCEY,,-3.5785637
742,742,D40C,D40C,QDKCKKVYENYPVSKCQLANQCNYDCKLDKHARSGECFYDEKGNLQCICDYCEY,,-3.8468347
743,743,D40E,D40E,QDKCKKVYENYPVSKCQLANQCNYDCKLDKHARSGECFYDEKGNLQCICDYCEY,,-3.4158792
744,744,D40F,D40F,QDKCKKVYENYPVSKCQLANQCNYDCKLDKHARSGECFYDEKGNLQCICDYCEY,,-3.2279565
745,745,D40G,D40G,QDKCKKVYENYPVSKCQLANQCNYDCKLDKHARSGECFYDEKGNLQCICDYCEY,,-3.7437346
746,746,D40H,D40H,QDKCKKVYENYPVSKCQLANQCNYDCKLDKHARSGECFYDEKGNLQCICDYCEY,,-3.7148676
747,747,D40I,D40I,QDKCKKVYENYPVSKCQLANQCNYDCKLDKHARSGECFYDEKGNLQCICDYCEY,,-3.023618
748,748,D40K,D40K,QDKCKKVYENYPVSKCQLANQCNYDCKLDKHARSGECFYDEKGNLQCICDYCEY,,-3.9100637
749,749,D40L,D40L,QDKCKKVYENYPVSKCQLANQCNYDCKLDKHARSGECFYDEKGNLQCICDYCEY,,-3.099731
750,750,D40M,D40M,QDKCKKVYENYPVSKCQLANQCNYDCKLDKHARSGECFYDEKGNLQCICDYCEY,,-3.289755
751,751,D40N,D40N,QDKCKKVYENYPVSKCQLANQCNYDCKLDKHARSGECFYDEKGNLQCICDYCEY,,-1.6718774
752,752,D40P,D40P,QDKCKKVYENYPVSKCQLANQCNYDCKLDKHARSGECFYDEKGNLQCICDYCEY,,-3.5942492
753,753,D40Q,D40Q,QDKCKKVYENYPVSKCQLANQCNYDCKLDKHARSGECFYDEKGNLQCICDYCEY,,-3.736283
754,754,D40R,D40R,QDKCKKVYENYPVSKCQLANQCNYDCKLDKHARSGECFYDEKGNLQCICDYCEY,,-3.7602232
755,755,D40S,D40S,QDKCKKVYENYPVSKCQLANQCNYDCKLDKHARSGECFYDEKGNLQCICDYCEY,,-3.2575312
756,756,D40T,D40T,QDKCKKVYENYPVSKCQLANQCNYDCKLDKHARSGECFYDEKGNLQCICDYCEY,,-2.810626
757,757,D40V,D40V,QDKCKKVYENYPVSKCQLANQCNYDCKLDKHARSGECFYDEKGNLQCICDYCEY,,-2.9008517
758,758,D40W,D40W,QDKCKKVYENYPVSKCQLANQCNYDCKLDKHARSGECFYDEKGNLQCICDYCEY,,-3.2414842
759,759,D40Y,D40Y,QDKCKKVYENYPVSKCQLANQCNYDCKLDKHARSGECFYDEKGNLQCICDYCEY,,-2.9638476
760,760,E41A,E41A,QDKCKKVYENYPVSKCQLANQCNYDCKLDKHARSGECFYDEKGNLQCICDYCEY,,-0.42016602
761,761,E41C,E41C,QDKCKKVYENYPVSKCQLANQCNYDCKLDKHARSGECFYDEKGNLQCICDYCEY,,-3.0416877
762,762,E41D,E41D,QDKCKKVYENYPVSKCQLANQCNYDCKLDKHARSGECFYDEKGNLQCICDYCEY,,-0.07955828
763,763,E41F,E41F,QDKCKKVYENYPVSKCQLANQCNYDCKLDKHARSGECFYDEKGNLQCICDYCEY,,-1.7031538
764,764,E41G,E41G,QDKCKKVYENYPVSKCQLANQCNYDCKLDKHARSGECFYDEKGNLQCICDYCEY,,-2.3048902
765,765,E41H,E41H,QDKCKKVYENYPVSKCQLANQCNYDCKLDKHARSGECFYDEKGNLQCICDYCEY,,-1.4481087
766,766,E41I,E41I,QDKCKKVYENYPVSKCQLANQCNYDCKLDKHARSGECFYDEKGNLQCICDYCEY,,-1.2788649
767,767,E41K,E41K,QDKCKKVYENYPVSKCQLANQCNYDCKLDKHARSGECFYDEKGNLQCICDYCEY,,-0.79125816
768,768,E41L,E41L,QDKCKKVYENYPVSKCQLANQCNYDCKLDKHARSGECFYDEKGNLQCICDYCEY,,-1.2496432
769,769,E41M,E41M,QDKCKKVYENYPVSKCQLANQCNYDCKLDKHARSGECFYDEKGNLQCICDYCEY,,-0.9178659
770,770,E41N,E41N,QDKCKKVYENYPVSKCQLANQCNYDCKLDKHARSGECFYDEKGNLQCICDYCEY,,-0.7358305
771,771,E41P,E41P,QDKCKKVYENYPVSKCQLANQCNYDCKLDKHARSGECFYDEKGNLQCICDYCEY,,-1.0276946
772,772,E41Q,E41Q,QDKCKKVYENYPVSKCQLANQCNYDCKLDKHARSGECFYDEKGNLQCICDYCEY,,-1.1754164
773,773,E41R,E41R,QDKCKKVYENYPVSKCQLANQCNYDCKLDKHARSGECFYDEKGNLQCICDYCEY,,-0.8669198
774,774,E41S,E41S,QDKCKKVYENYPVSKCQLANQCNYDCKLDKHARSGECFYDEKGNLQCICDYCEY,,-0.013980463
775,775,E41T,E41T,QDKCKKVYENYPVSKCQLANQCNYDCKLDKHARSGECFYDEKGNLQCICDYCEY,,-1.5550053
776,776,E41V,E41V,QDKCKKVYENYPVSKCQLANQCNYDCKLDKHARSGECFYDEKGNLQCICDYCEY,,-1.5572935
777,777,E41W,E41W,QDKCKKVYENYPVSKCQLANQCNYDCKLDKHARSGECFYDEKGNLQCICDYCEY,,-1.0458941
778,778,E41Y,E41Y,QDKCKKVYENYPVSKCQLANQCNYDCKLDKHARSGECFYDEKGNLQCICDYCEY,,-0.8391246
779,779,K42A,K42A,QDKCKKVYENYPVSKCQLANQCNYDCKLDKHARSGECFYDEKGNLQCICDYCEY,,-0.3859269
780,780,K42C,K42C,QDKCKKVYENYPVSKCQLANQCNYDCKLDKHARSGECFYDEKGNLQCICDYCEY,,-2.9261775
781,781,K42D,K42D,QDKCKKVYENYPVSKCQLANQCNYDCKLDKHARSGECFYDEKGNLQCICDYCEY,,0.3956971
782,782,K42E,K42E,QDKCKKVYENYPVSKCQLANQCNYDCKLDKHARSGECFYDEKGNLQCICDYCEY,,0.48753217
783,783,K42F,K42F,QDKCKKVYENYPVSKCQLANQCNYDCKLDKHARSGECFYDEKGNLQCICDYCEY,,-0.18188462
784,784,K42G,K42G,QDKCKKVYENYPVSKCQLANQCNYDCKLDKHARSGECFYDEKGNLQCICDYCEY,,-1.7015914
785,785,K42H,K42H,QDKCKKVYENYPVSKCQLANQCNYDCKLDKHARSGECFYDEKGNLQCICDYCEY,,-0.14169794
786,786,K42I,K42I,QDKCKKVYENYPVSKCQLANQCNYDCKLDKHARSGECFYDEKGNLQCICDYCEY,,-1.1564095
787,787,K42L,K42L,QDKCKKVYENYPVSKCQLANQCNYDCKLDKHARSGECFYDEKGNLQCICDYCEY,,-0.10356702
788,788,K42M,K42M,QDKCKKVYENYPVSKCQLANQCNYDCKLDKHARSGECFYDEKGNLQCICDYCEY,,0.19621742
789,789,K42N,K42N,QDKCKKVYENYPVSKCQLANQCNYDCKLDKHARSGECFYDEKGNLQCICDYCEY,,0.68608445
790,790,K42P,K42P,QDKCKKVYENYPVSKCQLANQCNYDCKLDKHARSGECFYDEKGNLQCICDYCEY,,-2.417965
791,791,K42Q,K42Q,QDKCKKVYENYPVSKCQLANQCNYDCKLDKHARSGECFYDEKGNLQCICDYCEY,,-0.123467565
792,792,K42R,K42R,QDKCKKVYENYPVSKCQLANQCNYDCKLDKHARSGECFYDEKGNLQCICDYCEY,,0.06260142
793,793,K42S,K42S,QDKCKKVYENYPVSKCQLANQCNYDCKLDKHARSGECFYDEKGNLQCICDYCEY,,-0.4202793
794,794,K42T,K42T,QDKCKKVYENYPVSKCQLANQCNYDCKLDKHARSGECFYDEKGNLQCICDYCEY,,-1.6143715
795,795,K42V,K42V,QDKCKKVYENYPVSKCQLANQCNYDCKLDKHARSGECFYDEKGNLQCICDYCEY,,-1.1360812
796,796,K42W,K42W,QDKCKKVYENYPVSKCQLANQCNYDCKLDKHARSGECFYDEKGNLQCICDYCEY,,-0.5404315
797,797,K42Y,K42Y,QDKCKKVYENYPVSKCQLANQCNYDCKLDKHARSGECFYDEKGNLQCICDYCEY,,0.6934218
798,798,G43A,G43A,QDKCKKVYENYPVSKCQLANQCNYDCKLDKHARSGECFYDEKGNLQCICDYCEY,,-3.0647752
799,799,G43C,G43C,QDKCKKVYENYPVSKCQLANQCNYDCKLDKHARSGECFYDEKGNLQCICDYCEY,,-3.3965101
800,800,G43D,G43D,QDKCKKVYENYPVSKCQLANQCNYDCKLDKHARSGECFYDEKGNLQCICDYCEY,,-2.1153805
801,801,G43E,G43E,QDKCKKVYENYPVSKCQLANQCNYDCKLDKHARSGECFYDEKGNLQCICDYCEY,,-2.7831087
802,802,G43F,G43F,QDKCKKVYENYPVSKCQLANQCNYDCKLDKHARSGECFYDEKGNLQCICDYCEY,,-3.2751408
803,803,G43H,G43H,QDKCKKVYENYPVSKCQLANQCNYDCKLDKHARSGECFYDEKGNLQCICDYCEY,,-2.5244493
804,804,G43I,G43I,QDKCKKVYENYPVSKCQLANQCNYDCKLDKHARSGECFYDEKGNLQCICDYCEY,,-3.453575
805,805,G43K,G43K,QDKCKKVYENYPVSKCQLANQCNYDCKLDKHARSGECFYDEKGNLQCICDYCEY,,-2.6523466
806,806,G43L,G43L,QDKCKKVYENYPVSKCQLANQCNYDCKLDKHARSGECFYDEKGNLQCICDYCEY,,-3.1553824
807,807,G43M,G43M,QDKCKKVYENYPVSKCQLANQCNYDCKLDKHARSGECFYDEKGNLQCICDYCEY,,-2.1173627
808,808,G43N,G43N,QDKCKKVYENYPVSKCQLANQCNYDCKLDKHARSGECFYDEKGNLQCICDYCEY,,-1.3643892
809,809,G43P,G43P,QDKCKKVYENYPVSKCQLANQCNYDCKLDKHARSGECFYDEKGNLQCICDYCEY,,-3.567183
810,810,G43Q,G43Q,QDKCKKVYENYPVSKCQLANQCNYDCKLDKHARSGECFYDEKGNLQCICDYCEY,,-2.2288775
811,811,G43R,G43R,QDKCKKVYENYPVSKCQLANQCNYDCKLDKHARSGECFYDEKGNLQCICDYCEY,,-2.6548758
812,812,G43S,G43S,QDKCKKVYENYPVSKCQLANQCNYDCKLDKHARSGECFYDEKGNLQCICDYCEY,,-2.7921681
813,813,G43T,G43T,QDKCKKVYENYPVSKCQLANQCNYDCKLDKHARSGECFYDEKGNLQCICDYCEY,,-3.197977
814,814,G43V,G43V,QDKCKKVYENYPVSKCQLANQCNYDCKLDKHARSGECFYDEKGNLQCICDYCEY,,-3.565223
815,815,G43W,G43W,QDKCKKVYENYPVSKCQLANQCNYDCKLDKHARSGECFYDEKGNLQCICDYCEY,,-2.917229
816,816,G43Y,G43Y,QDKCKKVYENYPVSKCQLANQCNYDCKLDKHARSGECFYDEKGNLQCICDYCEY,,-2.8271732
817,817,N44A,N44A,QDKCKKVYENYPVSKCQLANQCNYDCKLDKHARSGECFYDEKGNLQCICDYCEY,,-1.205442
818,818,N44C,N44C,QDKCKKVYENYPVSKCQLANQCNYDCKLDKHARSGECFYDEKGNLQCICDYCEY,,-1.8230238
819,819,N44D,N44D,QDKCKKVYENYPVSKCQLANQCNYDCKLDKHARSGECFYDEKGNLQCICDYCEY,,-0.61367506
820,820,N44E,N44E,QDKCKKVYENYPVSKCQLANQCNYDCKLDKHARSGECFYDEKGNLQCICDYCEY,,-0.33677477
821,821,N44F,N44F,QDKCKKVYENYPVSKCQLANQCNYDCKLDKHARSGECFYDEKGNLQCICDYCEY,,-1.0421022
822,822,N44G,N44G,QDKCKKVYENYPVSKCQLANQCNYDCKLDKHARSGECFYDEKGNLQCICDYCEY,,-2.2657607
823,823,N44H,N44H,QDKCKKVYENYPVSKCQLANQCNYDCKLDKHARSGECFYDEKGNLQCICDYCEY,,-0.7737266
824,824,N44I,N44I,QDKCKKVYENYPVSKCQLANQCNYDCKLDKHARSGECFYDEKGNLQCICDYCEY,,-0.1396032
825,825,N44K,N44K,QDKCKKVYENYPVSKCQLANQCNYDCKLDKHARSGECFYDEKGNLQCICDYCEY,,-0.92017376
826,826,N44L,N44L,QDKCKKVYENYPVSKCQLANQCNYDCKLDKHARSGECFYDEKGNLQCICDYCEY,,-0.64840233
827,827,N44M,N44M,QDKCKKVYENYPVSKCQLANQCNYDCKLDKHARSGECFYDEKGNLQCICDYCEY,,0.027629048
828,828,N44P,N44P,QDKCKKVYENYPVSKCQLANQCNYDCKLDKHARSGECFYDEKGNLQCICDYCEY,,-2.7350368
829,829,N44Q,N44Q,QDKCKKVYENYPVSKCQLANQCNYDCKLDKHARSGECFYDEKGNLQCICDYCEY,,-0.5026138
830,830,N44R,N44R,QDKCKKVYENYPVSKCQLANQCNYDCKLDKHARSGECFYDEKGNLQCICDYCEY,,-0.57614964
831,831,N44S,N44S,QDKCKKVYENYPVSKCQLANQCNYDCKLDKHARSGECFYDEKGNLQCICDYCEY,,-1.5692636
832,832,N44T,N44T,QDKCKKVYENYPVSKCQLANQCNYDCKLDKHARSGECFYDEKGNLQCICDYCEY,,-0.86545193
833,833,N44V,N44V,QDKCKKVYENYPVSKCQLANQCNYDCKLDKHARSGECFYDEKGNLQCICDYCEY,,-0.09968513
834,834,N44W,N44W,QDKCKKVYENYPVSKCQLANQCNYDCKLDKHARSGECFYDEKGNLQCICDYCEY,,-0.44032034
835,835,N44Y,N44Y,QDKCKKVYENYPVSKCQLANQCNYDCKLDKHARSGECFYDEKGNLQCICDYCEY,,-0.4301161
836,836,L45A,L45A,QDKCKKVYENYPVSKCQLANQCNYDCKLDKHARSGECFYDEKGNLQCICDYCEY,,-2.0174296
837,837,L45C,L45C,QDKCKKVYENYPVSKCQLANQCNYDCKLDKHARSGECFYDEKGNLQCICDYCEY,,-1.8279512
838,838,L45D,L45D,QDKCKKVYENYPVSKCQLANQCNYDCKLDKHARSGECFYDEKGNLQCICDYCEY,,-3.0615115
839,839,L45E,L45E,QDKCKKVYENYPVSKCQLANQCNYDCKLDKHARSGECFYDEKGNLQCICDYCEY,,-2.2407105
840,840,L45F,L45F,QDKCKKVYENYPVSKCQLANQCNYDCKLDKHARSGECFYDEKGNLQCICDYCEY,,-1.7987064
841,841,L45G,L45G,QDKCKKVYENYPVSKCQLANQCNYDCKLDKHARSGECFYDEKGNLQCICDYCEY,,-3.1193707
842,842,L45H,L45H,QDKCKKVYENYPVSKCQLANQCNYDCKLDKHARSGECFYDEKGNLQCICDYCEY,,-2.550505
843,843,L45I,L45I,QDKCKKVYENYPVSKCQLANQCNYDCKLDKHARSGECFYDEKGNLQCICDYCEY,,-0.65155995
844,844,L45K,L45K,QDKCKKVYENYPVSKCQLANQCNYDCKLDKHARSGECFYDEKGNLQCICDYCEY,,-2.24811
845,845,L45M,L45M,QDKCKKVYENYPVSKCQLANQCNYDCKLDKHARSGECFYDEKGNLQCICDYCEY,,-0.72480375
846,846,L45N,L45N,QDKCKKVYENYPVSKCQLANQCNYDCKLDKHARSGECFYDEKGNLQCICDYCEY,,-3.066399
847,847,L45P,L45P,QDKCKKVYENYPVSKCQLANQCNYDCKLDKHARSGECFYDEKGNLQCICDYCEY,,-1.6450481
848,848,L45Q,L45Q,QDKCKKVYENYPVSKCQLANQCNYDCKLDKHARSGECFYDEKGNLQCICDYCEY,,-2.1019557
849,849,L45R,L45R,QDKCKKVYENYPVSKCQLANQCNYDCKLDKHARSGECFYDEKGNLQCICDYCEY,,-1.9869875
850,850,L45S,L45S,QDKCKKVYENYPVSKCQLANQCNYDCKLDKHARSGECFYDEKGNLQCICDYCEY,,-2.8854985
851,851,L45T,L45T,QDKCKKVYENYPVSKCQLANQCNYDCKLDKHARSGECFYDEKGNLQCICDYCEY,,-2.259331
852,852,L45V,L45V,QDKCKKVYENYPVSKCQLANQCNYDCKLDKHARSGECFYDEKGNLQCICDYCEY,,-1.0340079
853,853,L45W,L45W,QDKCKKVYENYPVSKCQLANQCNYDCKLDKHARSGECFYDEKGNLQCICDYCEY,,0.30964378
854,854,L45Y,L45Y,QDKCKKVYENYPVSKCQLANQCNYDCKLDKHARSGECFYDEKGNLQCICDYCEY,,-1.5186832
855,855,Q46A,Q46A,QDKCKKVYENYPVSKCQLANQCNYDCKLDKHARSGECFYDEKGNLQCICDYCEY,,-1.139041
856,856,Q46C,Q46C,QDKCKKVYENYPVSKCQLANQCNYDCKLDKHARSGECFYDEKGNLQCICDYCEY,,-1.973842
857,857,Q46D,Q46D,QDKCKKVYENYPVSKCQLANQCNYDCKLDKHARSGECFYDEKGNLQCICDYCEY,,-2.2088468
858,858,Q46E,Q46E,QDKCKKVYENYPVSKCQLANQCNYDCKLDKHARSGECFYDEKGNLQCICDYCEY,,-0.9842764
859,859,Q46F,Q46F,QDKCKKVYENYPVSKCQLANQCNYDCKLDKHARSGECFYDEKGNLQCICDYCEY,,1.8092809
860,860,Q46G,Q46G,QDKCKKVYENYPVSKCQLANQCNYDCKLDKHARSGECFYDEKGNLQCICDYCEY,,-2.0375097
861,861,Q46H,Q46H,QDKCKKVYENYPVSKCQLANQCNYDCKLDKHARSGECFYDEKGNLQCICDYCEY,,1.1186013
862,862,Q46I,Q46I,QDKCKKVYENYPVSKCQLANQCNYDCKLDKHARSGECFYDEKGNLQCICDYCEY,,1.9824814
863,863,Q46K,Q46K,QDKCKKVYENYPVSKCQLANQCNYDCKLDKHARSGECFYDEKGNLQCICDYCEY,,0.5731548
864,864,Q46L,Q46L,QDKCKKVYENYPVSKCQLANQCNYDCKLDKHARSGECFYDEKGNLQCICDYCEY,,2.0556035
865,865,Q46M,Q46M,QDKCKKVYENYPVSKCQLANQCNYDCKLDKHARSGECFYDEKGNLQCICDYCEY,,2.116705
866,866,Q46N,Q46N,QDKCKKVYENYPVSKCQLANQCNYDCKLDKHARSGECFYDEKGNLQCICDYCEY,,-1.0526911
867,867,Q46P,Q46P,QDKCKKVYENYPVSKCQLANQCNYDCKLDKHARSGECFYDEKGNLQCICDYCEY,,-3.1762457
868,868,Q46R,Q46R,QDKCKKVYENYPVSKCQLANQCNYDCKLDKHARSGECFYDEKGNLQCICDYCEY,,1.3175366
869,869,Q46S,Q46S,QDKCKKVYENYPVSKCQLANQCNYDCKLDKHARSGECFYDEKGNLQCICDYCEY,,-0.9139776
870,870,Q46T,Q46T,QDKCKKVYENYPVSKCQLANQCNYDCKLDKHARSGECFYDEKGNLQCICDYCEY,,0.19804098
871,871,Q46V,Q46V,QDKCKKVYENYPVSKCQLANQCNYDCKLDKHARSGECFYDEKGNLQCICDYCEY,,1.5137981
872,872,Q46W,Q46W,QDKCKKVYENYPVSKCQLANQCNYDCKLDKHARSGECFYDEKGNLQCICDYCEY,,2.1995704
873,873,Q46Y,Q46Y,QDKCKKVYENYPVSKCQLANQCNYDCKLDKHARSGECFYDEKGNLQCICDYCEY,,2.6334562
874,874,C47A,C47A,QDKCKKVYENYPVSKCQLANQCNYDCKLDKHARSGECFYDEKGNLQCICDYCEY,,-3.4834409
875,875,C47D,C47D,QDKCKKVYENYPVSKCQLANQCNYDCKLDKHARSGECFYDEKGNLQCICDYCEY,,-3.410606
876,876,C47E,C47E,QDKCKKVYENYPVSKCQLANQCNYDCKLDKHARSGECFYDEKGNLQCICDYCEY,,-3.7381935
877,877,C47F,C47F,QDKCKKVYENYPVSKCQLANQCNYDCKLDKHARSGECFYDEKGNLQCICDYCEY,,-2.899805
878,878,C47G,C47G,QDKCKKVYENYPVSKCQLANQCNYDCKLDKHARSGECFYDEKGNLQCICDYCEY,,-3.8312309
879,879,C47H,C47H,QDKCKKVYENYPVSKCQLANQCNYDCKLDKHARSGECFYDEKGNLQCICDYCEY,,-2.8317366
880,880,C47I,C47I,QDKCKKVYENYPVSKCQLANQCNYDCKLDKHARSGECFYDEKGNLQCICDYCEY,,-3.3666081
881,881,C47K,C47K,QDKCKKVYENYPVSKCQLANQCNYDCKLDKHARSGECFYDEKGNLQCICDYCEY,,-3.8173962
882,882,C47L,C47L,QDKCKKVYENYPVSKCQLANQCNYDCKLDKHARSGECFYDEKGNLQCICDYCEY,,-3.3193555
883,883,C47M,C47M,QDKCKKVYENYPVSKCQLANQCNYDCKLDKHARSGECFYDEKGNLQCICDYCEY,,-2.7272139
884,884,C47N,C47N,QDKCKKVYENYPVSKCQLANQCNYDCKLDKHARSGECFYDEKGNLQCICDYCEY,,-3.5524275
885,885,C47P,C47P,QDKCKKVYENYPVSKCQLANQCNYDCKLDKHARSGECFYDEKGNLQCICDYCEY,,-3.5063446
886,886,C47Q,C47Q,QDKCKKVYENYPVSKCQLANQCNYDCKLDKHARSGECFYDEKGNLQCICDYCEY,,-3.0735712
887,887,C47R,C47R,QDKCKKVYENYPVSKCQLANQCNYDCKLDKHARSGECFYDEKGNLQCICDYCEY,,-3.5005574
888,888,C47S,C47S,QDKCKKVYENYPVSKCQLANQCNYDCKLDKHARSGECFYDEKGNLQCICDYCEY,,-3.676537
889,889,C47T,C47T,QDKCKKVYENYPVSKCQLANQCNYDCKLDKHARSGECFYDEKGNLQCICDYCEY,,-3.7360911
890,890,C47V,C47V,QDKCKKVYENYPVSKCQLANQCNYDCKLDKHARSGECFYDEKGNLQCICDYCEY,,-3.4305494
891,891,C47W,C47W,QDKCKKVYENYPVSKCQLANQCNYDCKLDKHARSGECFYDEKGNLQCICDYCEY,,-2.4309993
892,892,C47Y,C47Y,QDKCKKVYENYPVSKCQLANQCNYDCKLDKHARSGECFYDEKGNLQCICDYCEY,,-2.994522
893,893,I48A,I48A,QDKCKKVYENYPVSKCQLANQCNYDCKLDKHARSGECFYDEKGNLQCICDYCEY,,-2.3133469
894,894,I48C,I48C,QDKCKKVYENYPVSKCQLANQCNYDCKLDKHARSGECFYDEKGNLQCICDYCEY,,-2.4313145
895,895,I48D,I48D,QDKCKKVYENYPVSKCQLANQCNYDCKLDKHARSGECFYDEKGNLQCICDYCEY,,-3.2846014
896,896,I48E,I48E,QDKCKKVYENYPVSKCQLANQCNYDCKLDKHARSGECFYDEKGNLQCICDYCEY,,-2.5073776
897,897,I48F,I48F,QDKCKKVYENYPVSKCQLANQCNYDCKLDKHARSGECFYDEKGNLQCICDYCEY,,-1.2824174
898,898,I48G,I48G,QDKCKKVYENYPVSKCQLANQCNYDCKLDKHARSGECFYDEKGNLQCICDYCEY,,-3.3850536
899,899,I48H,I48H,QDKCKKVYENYPVSKCQLANQCNYDCKLDKHARSGECFYDEKGNLQCICDYCEY,,-2.3666584
900,900,I48K,I48K,QDKCKKVYENYPVSKCQLANQCNYDCKLDKHARSGECFYDEKGNLQCICDYCEY,,-2.1271331
901,901,I48L,I48L,QDKCKKVYENYPVSKCQLANQCNYDCKLDKHARSGECFYDEKGNLQCICDYCEY,,-0.7141078
902,902,I48M,I48M,QDKCKKVYENYPVSKCQLANQCNYDCKLDKHARSGECFYDEKGNLQCICDYCEY,,-0.7852917
903,903,I48N,I48N,QDKCKKVYENYPVSKCQLANQCNYDCKLDKHARSGECFYDEKGNLQCICDYCEY,,-3.2425673
904,904,I48P,I48P,QDKCKKVYENYPVSKCQLANQCNYDCKLDKHARSGECFYDEKGNLQCICDYCEY,,-3.290536
905,905,I48Q,I48Q,QDKCKKVYENYPVSKCQLANQCNYDCKLDKHARSGECFYDEKGNLQCICDYCEY,,-2.4041514
906,906,I48R,I48R,QDKCKKVYENYPVSKCQLANQCNYDCKLDKHARSGECFYDEKGNLQCICDYCEY,,-1.6087534
907,907,I48S,I48S,QDKCKKVYENYPVSKCQLANQCNYDCKLDKHARSGECFYDEKGNLQCICDYCEY,,-2.7344394
908,908,I48T,I48T,QDKCKKVYENYPVSKCQLANQCNYDCKLDKHARSGECFYDEKGNLQCICDYCEY,,-2.2896786
909,909,I48V,I48V,QDKCKKVYENYPVSKCQLANQCNYDCKLDKHARSGECFYDEKGNLQCICDYCEY,,0.22147658
910,910,I48W,I48W,QDKCKKVYENYPVSKCQLANQCNYDCKLDKHARSGECFYDEKGNLQCICDYCEY,,-0.7640277
911,911,I48Y,I48Y,QDKCKKVYENYPVSKCQLANQCNYDCKLDKHARSGECFYDEKGNLQCICDYCEY,,-0.2948489
912,912,C49A,C49A,QDKCKKVYENYPVSKCQLANQCNYDCKLDKHARSGECFYDEKGNLQCICDYCEY,,-3.303594
913,913,C49D,C49D,QDKCKKVYENYPVSKCQLANQCNYDCKLDKHARSGECFYDEKGNLQCICDYCEY,,-3.2107482
914,914,C49E,C49E,QDKCKKVYENYPVSKCQLANQCNYDCKLDKHARSGECFYDEKGNLQCICDYCEY,,-2.766592
915,915,C49F,C49F,QDKCKKVYENYPVSKCQLANQCNYDCKLDKHARSGECFYDEKGNLQCICDYCEY,,-0.45959377
916,916,C49G,C49G,QDKCKKVYENYPVSKCQLANQCNYDCKLDKHARSGECFYDEKGNLQCICDYCEY,,-3.3778691
917,917,C49H,C49H,QDKCKKVYENYPVSKCQLANQCNYDCKLDKHARSGECFYDEKGNLQCICDYCEY,,-0.9695883
918,918,C49I,C49I,QDKCKKVYENYPVSKCQLANQCNYDCKLDKHARSGECFYDEKGNLQCICDYCEY,,-2.2409492
919,919,C49K,C49K,QDKCKKVYENYPVSKCQLANQCNYDCKLDKHARSGECFYDEKGNLQCICDYCEY,,-3.0195022
920,920,C49L,C49L,QDKCKKVYENYPVSKCQLANQCNYDCKLDKHARSGECFYDEKGNLQCICDYCEY,,-1.9053683
921,921,C49M,C49M,QDKCKKVYENYPVSKCQLANQCNYDCKLDKHARSGECFYDEKGNLQCICDYCEY,,-1.5495692
922,922,C49N,C49N,QDKCKKVYENYPVSKCQLANQCNYDCKLDKHARSGECFYDEKGNLQCICDYCEY,,-3.4113245
923,923,C49P,C49P,QDKCKKVYENYPVSKCQLANQCNYDCKLDKHARSGECFYDEKGNLQCICDYCEY,,-3.2064161
924,924,C49Q,C49Q,QDKCKKVYENYPVSKCQLANQCNYDCKLDKHARSGECFYDEKGNLQCICDYCEY,,-1.8674548
925,925,C49R,C49R,QDKCKKVYENYPVSKCQLANQCNYDCKLDKHARSGECFYDEKGNLQCICDYCEY,,-1.9146842
926,926,C49S,C49S,QDKCKKVYENYPVSKCQLANQCNYDCKLDKHARSGECFYDEKGNLQCICDYCEY,,-3.4520416
927,927,C49T,C49T,QDKCKKVYENYPVSKCQLANQCNYDCKLDKHARSGECFYDEKGNLQCICDYCEY,,-3.1859956
928,928,C49V,C49V,QDKCKKVYENYPVSKCQLANQCNYDCKLDKHARSGECFYDEKGNLQCICDYCEY,,-2.5206304
929,929,C49W,C49W,QDKCKKVYENYPVSKCQLANQCNYDCKLDKHARSGECFYDEKGNLQCICDYCEY,,-0.42039493
930,930,C49Y,C49Y,QDKCKKVYENYPVSKCQLANQCNYDCKLDKHARSGECFYDEKGNLQCICDYCEY,,-0.48846284
931,931,D50A,D50A,QDKCKKVYENYPVSKCQLANQCNYDCKLDKHARSGECFYDEKGNLQCICDYCEY,,-1.06921
932,932,D50C,D50C,QDKCKKVYENYPVSKCQLANQCNYDCKLDKHARSGECFYDEKGNLQCICDYCEY,,1.8570595
933,933,D50E,D50E,QDKCKKVYENYPVSKCQLANQCNYDCKLDKHARSGECFYDEKGNLQCICDYCEY,,0.036336422
934,934,D50F,D50F,QDKCKKVYENYPVSKCQLANQCNYDCKLDKHARSGECFYDEKGNLQCICDYCEY,,2.5174708
935,935,D50G,D50G,QDKCKKVYENYPVSKCQLANQCNYDCKLDKHARSGECFYDEKGNLQCICDYCEY,,-2.058122
936,936,D50H,D50H,QDKCKKVYENYPVSKCQLANQCNYDCKLDKHARSGECFYDEKGNLQCICDYCEY,,1.6530936
937,937,D50I,D50I,QDKCKKVYENYPVSKCQLANQCNYDCKLDKHARSGECFYDEKGNLQCICDYCEY,,2.038701
938,938,D50K,D50K,QDKCKKVYENYPVSKCQLANQCNYDCKLDKHARSGECFYDEKGNLQCICDYCEY,,-0.1836585
939,939,D50L,D50L,QDKCKKVYENYPVSKCQLANQCNYDCKLDKHARSGECFYDEKGNLQCICDYCEY,,1.185781
940,940,D50M,D50M,QDKCKKVYENYPVSKCQLANQCNYDCKLDKHARSGECFYDEKGNLQCICDYCEY,,1.342838
941,941,D50N,D50N,QDKCKKVYENYPVSKCQLANQCNYDCKLDKHARSGECFYDEKGNLQCICDYCEY,,0.5242316
942,942,D50P,D50P,QDKCKKVYENYPVSKCQLANQCNYDCKLDKHARSGECFYDEKGNLQCICDYCEY,,-2.929487
943,943,D50Q,D50Q,QDKCKKVYENYPVSKCQLANQCNYDCKLDKHARSGECFYDEKGNLQCICDYCEY,,-0.19403332
944,944,D50R,D50R,QDKCKKVYENYPVSKCQLANQCNYDCKLDKHARSGECFYDEKGNLQCICDYCEY,,0.94929576
945,945,D50S,D50S,QDKCKKVYENYPVSKCQLANQCNYDCKLDKHARSGECFYDEKGNLQCICDYCEY,,1.0519314
946,946,D50T,D50T,QDKCKKVYENYPVSKCQLANQCNYDCKLDKHARSGECFYDEKGNLQCICDYCEY,,2.2835536
947,947,D50V,D50V,QDKCKKVYENYPVSKCQLANQCNYDCKLDKHARSGECFYDEKGNLQCICDYCEY,,1.9556022
948,948,D50W,D50W,QDKCKKVYENYPVSKCQLANQCNYDCKLDKHARSGECFYDEKGNLQCICDYCEY,,2.5229607
949,949,D50Y,D50Y,QDKCKKVYENYPVSKCQLANQCNYDCKLDKHARSGECFYDEKGNLQCICDYCEY,,3.1908917
950,950,Y51A,Y51A,QDKCKKVYENYPVSKCQLANQCNYDCKLDKHARSGECFYDEKGNLQCICDYCEY,,-2.851088
951,951,Y51C,Y51C,QDKCKKVYENYPVSKCQLANQCNYDCKLDKHARSGECFYDEKGNLQCICDYCEY,,-1.739635
952,952,Y51D,Y51D,QDKCKKVYENYPVSKCQLANQCNYDCKLDKHARSGECFYDEKGNLQCICDYCEY,,-2.7244012
953,953,Y51E,Y51E,QDKCKKVYENYPVSKCQLANQCNYDCKLDKHARSGECFYDEKGNLQCICDYCEY,,-2.7157993
954,954,Y51F,Y51F,QDKCKKVYENYPVSKCQLANQCNYDCKLDKHARSGECFYDEKGNLQCICDYCEY,,-0.85705733
955,955,Y51G,Y51G,QDKCKKVYENYPVSKCQLANQCNYDCKLDKHARSGECFYDEKGNLQCICDYCEY,,-2.7647958
956,956,Y51H,Y51H,QDKCKKVYENYPVSKCQLANQCNYDCKLDKHARSGECFYDEKGNLQCICDYCEY,,-2.8346176
957,957,Y51I,Y51I,QDKCKKVYENYPVSKCQLANQCNYDCKLDKHARSGECFYDEKGNLQCICDYCEY,,-1.830307
958,958,Y51K,Y51K,QDKCKKVYENYPVSKCQLANQCNYDCKLDKHARSGECFYDEKGNLQCICDYCEY,,-3.1997297
959,959,Y51L,Y51L,QDKCKKVYENYPVSKCQLANQCNYDCKLDKHARSGECFYDEKGNLQCICDYCEY,,-2.1307695
960,960,Y51M,Y51M,QDKCKKVYENYPVSKCQLANQCNYDCKLDKHARSGECFYDEKGNLQCICDYCEY,,-2.4173205
961,961,Y51N,Y51N,QDKCKKVYENYPVSKCQLANQCNYDCKLDKHARSGECFYDEKGNLQCICDYCEY,,-2.9852386
962,962,Y51P,Y51P,QDKCKKVYENYPVSKCQLANQCNYDCKLDKHARSGECFYDEKGNLQCICDYCEY,,-3.205902
963,963,Y51Q,Y51Q,QDKCKKVYENYPVSKCQLANQCNYDCKLDKHARSGECFYDEKGNLQCICDYCEY,,-2.8303833
964,964,Y51R,Y51R,QDKCKKVYENYPVSKCQLANQCNYDCKLDKHARSGECFYDEKGNLQCICDYCEY,,-2.9419549
965,965,Y51S,Y51S,QDKCKKVYENYPVSKCQLANQCNYDCKLDKHARSGECFYDEKGNLQCICDYCEY,,-2.8457036
966,966,Y51T,Y51T,QDKCKKVYENYPVSKCQLANQCNYDCKLDKHARSGECFYDEKGNLQCICDYCEY,,-2.7688885
967,967,Y51V,Y51V,QDKCKKVYENYPVSKCQLANQCNYDCKLDKHARSGECFYDEKGNLQCICDYCEY,,-1.995184
968,968,Y51W,Y51W,QDKCKKVYENYPVSKCQLANQCNYDCKLDKHARSGECFYDEKGNLQCICDYCEY,,-1.1907252
969,969,C52A,C52A,QDKCKKVYENYPVSKCQLANQCNYDCKLDKHARSGECFYDEKGNLQCICDYCEY,,-3.5014591
970,970,C52D,C52D,QDKCKKVYENYPVSKCQLANQCNYDCKLDKHARSGECFYDEKGNLQCICDYCEY,,-3.1581566
971,971,C52E,C52E,QDKCKKVYENYPVSKCQLANQCNYDCKLDKHARSGECFYDEKGNLQCICDYCEY,,-3.3076293
972,972,C52F,C52F,QDKCKKVYENYPVSKCQLANQCNYDCKLDKHARSGECFYDEKGNLQCICDYCEY,,-3.342924
973,973,C52G,C52G,QDKCKKVYENYPVSKCQLANQCNYDCKLDKHARSGECFYDEKGNLQCICDYCEY,,-3.552448
974,974,C52H,C52H,QDKCKKVYENYPVSKCQLANQCNYDCKLDKHARSGECFYDEKGNLQCICDYCEY,,-3.5336432
975,975,C52I,C52I,QDKCKKVYENYPVSKCQLANQCNYDCKLDKHARSGECFYDEKGNLQCICDYCEY,,-3.4343543
976,976,C52K,C52K,QDKCKKVYENYPVSKCQLANQCNYDCKLDKHARSGECFYDEKGNLQCICDYCEY,,-3.417232
977,977,C52L,C52L,QDKCKKVYENYPVSKCQLANQCNYDCKLDKHARSGECFYDEKGNLQCICDYCEY,,-3.443746
978,978,C52M,C52M,QDKCKKVYENYPVSKCQLANQCNYDCKLDKHARSGECFYDEKGNLQCICDYCEY,,-3.3952847
979,979,C52N,C52N,QDKCKKVYENYPVSKCQLANQCNYDCKLDKHARSGECFYDEKGNLQCICDYCEY,,-3.5103278
980,980,C52P,C52P,QDKCKKVYENYPVSKCQLANQCNYDCKLDKHARSGECFYDEKGNLQCICDYCEY,,-3.5628128
981,981,C52Q,C52Q,QDKCKKVYENYPVSKCQLANQCNYDCKLDKHARSGECFYDEKGNLQCICDYCEY,,-3.540306
982,982,C52R,C52R,QDKCKKVYENYPVSKCQLANQCNYDCKLDKHARSGECFYDEKGNLQCICDYCEY,,-3.433423
983,983,C52S,C52S,QDKCKKVYENYPVSKCQLANQCNYDCKLDKHARSGECFYDEKGNLQCICDYCEY,,-3.5109358
984,984,C52T,C52T,QDKCKKVYENYPVSKCQLANQCNYDCKLDKHARSGECFYDEKGNLQCICDYCEY,,-3.4140499
985,985,C52V,C52V,QDKCKKVYENYPVSKCQLANQCNYDCKLDKHARSGECFYDEKGNLQCICDYCEY,,-3.523456
986,986,C52W,C52W,QDKCKKVYENYPVSKCQLANQCNYDCKLDKHARSGECFYDEKGNLQCICDYCEY,,-1.9268188
987,987,C52Y,C52Y,QDKCKKVYENYPVSKCQLANQCNYDCKLDKHARSGECFYDEKGNLQCICDYCEY,,-2.7703505
988,988,E53A,E53A,QDKCKKVYENYPVSKCQLANQCNYDCKLDKHARSGECFYDEKGNLQCICDYCEY,,-0.8209316
989,989,E53C,E53C,QDKCKKVYENYPVSKCQLANQCNYDCKLDKHARSGECFYDEKGNLQCICDYCEY,,0.9040121
990,990,E53D,E53D,QDKCKKVYENYPVSKCQLANQCNYDCKLDKHARSGECFYDEKGNLQCICDYCEY,,0.38592103
991,991,E53F,E53F,QDKCKKVYENYPVSKCQLANQCNYDCKLDKHARSGECFYDEKGNLQCICDYCEY,,-0.726729
992,992,E53G,E53G,QDKCKKVYENYPVSKCQLANQCNYDCKLDKHARSGECFYDEKGNLQCICDYCEY,,-0.72371924
993,993,E53H,E53H,QDKCKKVYENYPVSKCQLANQCNYDCKLDKHARSGECFYDEKGNLQCICDYCEY,,-1.3127372
994,994,E53I,E53I,QDKCKKVYENYPVSKCQLANQCNYDCKLDKHARSGECFYDEKGNLQCICDYCEY,,-0.32544222
995,995,E53K,E53K,QDKCKKVYENYPVSKCQLANQCNYDCKLDKHARSGECFYDEKGNLQCICDYCEY,,-1.4244506
996,996,E53L,E53L,QDKCKKVYENYPVSKCQLANQCNYDCKLDKHARSGECFYDEKGNLQCICDYCEY,,-0.22992828
997,997,E53M,E53M,QDKCKKVYENYPVSKCQLANQCNYDCKLDKHARSGECFYDEKGNLQCICDYCEY,,-0.3540057
998,998,E53N,E53N,QDKCKKVYENYPVSKCQLANQCNYDCKLDKHARSGECFYDEKGNLQCICDYCEY,,-0.3796265
999,999,E53P,E53P,QDKCKKVYENYPVSKCQLANQCNYDCKLDKHARSGECFYDEKGNLQCICDYCEY,,-0.028722301
1000,1000,E53Q,E53Q,QDKCKKVYENYPVSKCQLANQCNYDCKLDKHARSGECFYDEKGNLQCICDYCEY,,-0.8272542
1001,1001,E53R,E53R,QDKCKKVYENYPVSKCQLANQCNYDCKLDKHARSGECFYDEKGNLQCICDYCEY,,-1.0584857
1002,1002,E53S,E53S,QDKCKKVYENYPVSKCQLANQCNYDCKLDKHARSGECFYDEKGNLQCICDYCEY,,-0.42887858
1003,1003,E53T,E53T,QDKCKKVYENYPVSKCQLANQCNYDCKLDKHARSGECFYDEKGNLQCICDYCEY,,-0.6043607
1004,1004,E53V,E53V,QDKCKKVYENYPVSKCQLANQCNYDCKLDKHARSGECFYDEKGNLQCICDYCEY,,-0.36728397
1005,1005,E53W,E53W,QDKCKKVYENYPVSKCQLANQCNYDCKLDKHARSGECFYDEKGNLQCICDYCEY,,-0.4780065
1006,1006,E53Y,E53Y,QDKCKKVYENYPVSKCQLANQCNYDCKLDKHARSGECFYDEKGNLQCICDYCEY,,-0.032552138
1007,1007,Y54A,Y54A,QDKCKKVYENYPVSKCQLANQCNYDCKLDKHARSGECFYDEKGNLQCICDYCEY,,-0.25356036
1008,1008,Y54C,Y54C,QDKCKKVYENYPVSKCQLANQCNYDCKLDKHARSGECFYDEKGNLQCICDYCEY,,0.22401
1009,1009,Y54D,Y54D,QDKCKKVYENYPVSKCQLANQCNYDCKLDKHARSGECFYDEKGNLQCICDYCEY,,0.5536826
1010,1010,Y54E,Y54E,QDKCKKVYENYPVSKCQLANQCNYDCKLDKHARSGECFYDEKGNLQCICDYCEY,,0.2963026
1011,1011,Y54F,Y54F,QDKCKKVYENYPVSKCQLANQCNYDCKLDKHARSGECFYDEKGNLQCICDYCEY,,-0.54143435
1012,1012,Y54G,Y54G,QDKCKKVYENYPVSKCQLANQCNYDCKLDKHARSGECFYDEKGNLQCICDYCEY,,0.18979396
1013,1013,Y54H,Y54H,QDKCKKVYENYPVSKCQLANQCNYDCKLDKHARSGECFYDEKGNLQCICDYCEY,,-0.7673459
1014,1014,Y54I,Y54I,QDKCKKVYENYPVSKCQLANQCNYDCKLDKHARSGECFYDEKGNLQCICDYCEY,,-0.49432692
1015,1015,Y54K,Y54K,QDKCKKVYENYPVSKCQLANQCNYDCKLDKHARSGECFYDEKGNLQCICDYCEY,,-0.6393944
1016,1016,Y54L,Y54L,QDKCKKVYENYPVSKCQLANQCNYDCKLDKHARSGECFYDEKGNLQCICDYCEY,,-0.20310807
1017,1017,Y54M,Y54M,QDKCKKVYENYPVSKCQLANQCNYDCKLDKHARSGECFYDEKGNLQCICDYCEY,,-0.42048183
1018,1018,Y54N,Y54N,QDKCKKVYENYPVSKCQLANQCNYDCKLDKHARSGECFYDEKGNLQCICDYCEY,,-0.3186925
1019,1019,Y54P,Y54P,QDKCKKVYENYPVSKCQLANQCNYDCKLDKHARSGECFYDEKGNLQCICDYCEY,,-0.21011254
1020,1020,Y54Q,Y54Q,QDKCKKVYENYPVSKCQLANQCNYDCKLDKHARSGECFYDEKGNLQCICDYCEY,,-0.25240207
1021,1021,Y54R,Y54R,QDKCKKVYENYPVSKCQLANQCNYDCKLDKHARSGECFYDEKGNLQCICDYCEY,,-0.6331774
1022,1022,Y54S,Y54S,QDKCKKVYENYPVSKCQLANQCNYDCKLDKHARSGECFYDEKGNLQCICDYCEY,,-0.3016369
1023,1023,Y54T,Y54T,QDKCKKVYENYPVSKCQLANQCNYDCKLDKHARSGECFYDEKGNLQCICDYCEY,,-0.6879716
1024,1024,Y54V,Y54V,QDKCKKVYENYPVSKCQLANQCNYDCKLDKHARSGECFYDEKGNLQCICDYCEY,,-0.39444163
1025,1025,Y54W,Y54W,QDKCKKVYENYPVSKCQLANQCNYDCKLDKHARSGECFYDEKGNLQCICDYCEY,,-0.012095362
